issuer,ticker,fiscal_year,report_date,market_equity,equity_volatility,short_term_debt,long_term_debt,default_point,asset_value_A,asset_vol_sigmaA,DD,PD,classification
AMD,AMD,1993.0,1993-12-26,343158620160.0,0.6053405337343142,,,,,,,,unknown
AMD,AMD,1994.0,1994-12-25,343158620160.0,0.6053405337343142,,,,,,,,unknown
AMD,AMD,1995.0,1995-12-31,343158620160.0,0.6053405337343142,,,,,,,,unknown
AMD,AMD,1996.0,1996-12-29,343158620160.0,0.6053405337343142,,,,,,,,unknown
AMD,AMD,1997.0,1997-09-28,343158620160.0,0.6053405337343142,5300.0,38417.0,24508.5,343158643473.20636,0.6456965263005603,25.2382051840803,7.630370263658669e-141,healthy
AMD,AMD,1998.0,1998-12-27,343158620160.0,0.6053405337343142,,,,,,,,unknown
AMD,AMD,1999.0,1999-09-26,343158620160.0,0.6053405337343142,4721.0,-98990.0,-44774.0,,,,,unknown
AMD,AMD,2000.0,2000-10-01,343158620160.0,0.6053405337343142,602150.0,262844.0,733572.0,343159317955.27136,0.6456952574929001,19.974311869896447,4.607242141936833e-89,healthy
AMD,AMD,2001.0,2001-12-30,343158620160.0,0.6053405337343142,,,,,,,,unknown
AMD,AMD,2002.0,2002-12-29,343158620160.0,0.6053405337343142,3.0,3.0,4.5,343158620164.2805,0.8071207127432675,30.70378310971544,2.5334531603602918e-207,healthy
AMD,AMD,2003.0,2003-12-28,343158620160.0,0.6053405337343142,1.0,1.0,1.5,343158620161.4268,0.8071207127523313,32.06493302324925,6.797768042309421e-226,healthy
AMD,AMD,2004.0,2004-12-26,343158620160.0,0.6053405337343142,1.0,1.0,1.5,343158620161.4268,0.8071207127523313,32.06493302324925,6.797768042309421e-226,healthy
AMD,AMD,2005.0,2005-12-25,343158620160.0,0.6053405337343142,21.0,1.0,21.5,343158620180.4514,0.8071207126919047,28.766061140624142,2.8519714992029822e-182,healthy
AMD,AMD,2006.0,2006-12-31,343158620160.0,0.6053405337343142,0.0,1.0,0.5,343158620160.4756,0.8071207127553528,33.426082937015636,2.865289677755122e-245,healthy
AMD,AMD,2007.0,2007-12-29,343158620160.0,0.6053405337343142,12.0,1.0,12.5,343158620171.8904,0.8071207127190967,29.437985775254358,8.969899496895419e-191,healthy
AMD,AMD,2008.0,2008-12-27,343158620160.0,0.6053405337343142,12.0,1.0,12.5,343158620171.8904,0.8071207127190967,29.437985775254358,8.969899496895419e-191,healthy
AMD,AMD,2009.0,2009-12-26,343158620160.0,0.6053405337343142,18.0,1.0,18.5,343158620177.5977,0.8071207127009687,28.95225658872516,1.314294725076785e-184,healthy
AMD,AMD,2010.0,2010-12-25,343158620160.0,0.6053405337343142,18.0,146.0,91.0,343158620246.5619,0.8071207124819217,26.978464139744258,1.322474373675876e-160,healthy
AMD,AMD,2011.0,2011-12-31,343158620160.0,0.6053405337343142,18.0,,,,,,,unknown
AMD,AMD,2012.0,2012-12-29,343158620160.0,0.6053405337343142,,,,,,,,unknown
AMD,AMD,2013.0,2013-12-28,343158620160.0,0.6053405337343142,18.0,,,,,,,unknown
AMD,AMD,2014.0,2014-12-27,343158620160.0,0.6053405337343142,18.0,146.0,91.0,343158620246.5619,0.8071207124819217,26.978464139744258,1.322474373675876e-160,healthy
AMD,AMD,2015.0,2015-12-26,343158620160.0,0.6053405337343142,,,,,,,,unknown
AMD,AMD,2016.0,2016-12-31,343158620160.0,0.6053405337343142,120.0,10.0,125.0,343158620278.9037,0.8071207123791967,26.58514722572139,5.040709596863205e-156,healthy
AMD,AMD,2017.0,2017-12-30,343158620160.0,0.6053405337343142,,,,,,,,unknown
AMD,AMD,2018.0,2018-12-29,343158620160.0,0.6053405337343142,120.0,,,,,,,unknown
AMD,AMD,2019.0,2019-12-28,343158620160.0,0.6053405337343142,,,,,,,,unknown
AMD,AMD,2020.0,2020-12-26,343158620160.0,0.6053405337343142,2490000000.0,1369000000.0,3174500000.0,346178010555.1024,1.1990437705324783,3.355131898887571,0.00039663575776863094,healthy
AMD,AMD,2021.0,2021-12-25,343158620160.0,0.6053405337343142,3162000000.0,3648000000.0,4986000000.0,347899846505.21014,1.1925026968820365,3.0056530053883472,0.0013250561439256626,healthy
AMD,AMD,2022.0,2022-12-31,343158620160.0,0.6053405337343142,1320000000.0,1264000000.0,1952000000.0,345015381520.64075,1.2035010482104573,3.7395290451426093,9.21826727668923e-05,healthy
AMD,AMD,2023.0,2023-12-30,343158620160.0,0.6053405337343142,,,,,,,,unknown
AMD,AMD,2024.0,2024-12-28,343158620160.0,0.6053405337343142,1641000000.0,1900000000.0,2591000000.0,345623128995.2193,1.2011687866145975,3.514828121880442,0.00022001934458138224,healthy
AMD,AMD,2025.0,2025-09-27,343158620160.0,0.6053405337343142,,,,,,,,unknown
Adobe,ADBE,1994.0,1994-11-25,151197597696.0,0.30821071641640807,-1.0,,84366.0,151197677947.42163,0.328757923362727,43.78569238404426,0.0,healthy
Adobe,ADBE,1995.0,1995-12-01,151197597696.0,0.30821071641640807,-1.0,,93157.5,151197686310.15512,0.32875790552548034,43.48417479796863,0.0,healthy
Adobe,ADBE,1996.0,1996-11-29,151197597696.0,0.30821071641640807,-1.0,,152885.5,151197743125.1862,0.32875778234129494,41.977314976264864,0.0,healthy
Adobe,ADBE,1997.0,1997-11-28,151197597696.0,0.30821071641640807,-1.0,,112323.5,151197704541.41827,0.32875786611627383,42.91509443905702,0.0,healthy
Adobe,ADBE,1998.0,1998-11-27,151197597696.0,0.30821071641640807,2.2,,125483.0,151197717059.1219,0.32875783862085534,42.57811108640089,0.0,healthy
Adobe,ADBE,1999.0,1999-12-03,151197597696.0,0.30821071641640807,237751000.0,,,,,,,unknown
Adobe,ADBE,2000.0,2000-12-01,151197597696.0,0.30821071641640807,287808000.0,,,,,,,unknown
Adobe,ADBE,2001.0,2001-11-30,151197597696.0,0.30821071641640807,285882000.0,,,,,,,unknown
Adobe,ADBE,2002.0,2002-11-29,151197597696.0,0.30821071641640807,-1.0,0.0,-1.0,,,,,unknown
Adobe,ADBE,2003.0,2003-11-28,151197597696.0,0.30821071641640807,2.0,90.0,47.0,151197597740.7078,0.4109476228355604,53.18747602364479,0.0,healthy
Adobe,ADBE,2004.0,2004-12-03,151197597696.0,0.30821071641640807,450398000.0,,,,,,,unknown
Adobe,ADBE,2005.0,2005-12-02,151197597696.0,0.30821071641640807,2.0,82.0,43.0,151197597736.90286,0.4109476228495259,53.403920846043405,0.0,healthy
Adobe,ADBE,2006.0,2006-12-01,151197597696.0,0.30821071641640807,24.0,0.0,24.0,151197597718.8295,0.4109476229158622,54.82294908501584,0.0,healthy
Adobe,ADBE,2007.0,2007-11-30,151197597696.0,0.30821071641640807,400853000.0,,,,,,,unknown
Adobe,ADBE,2008.0,2008-11-28,151197597696.0,0.30821071641640807,0.0,0.0,0.0,,,,,unknown
Adobe,ADBE,2009.0,2009-11-27,151197597696.0,0.30821071641640807,0.0,0.0,0.0,,,,,unknown
Adobe,ADBE,2010.0,2010-12-03,151197597696.0,0.30821071641640807,,,,,,,,unknown
Adobe,ADBE,2011.0,2011-12-02,151197597696.0,0.30821071641640807,,,,,,,,unknown
Adobe,ADBE,2012.0,2012-11-30,151197597696.0,0.30821071641640807,,,,,,,,unknown
Adobe,ADBE,2013.0,2013-11-29,151197597696.0,0.30821071641640807,,,,,,,,unknown
Adobe,ADBE,2014.0,2014-11-28,151197597696.0,0.30821071641640807,,,,,,,,unknown
Adobe,ADBE,2015.0,2015-11-27,151197597696.0,0.30821071641640807,2.0,120000000.0,60000002.0,151254671463.3725,0.30930263109049994,25.329695965233675,7.522253594118474e-142,healthy
Adobe,ADBE,2016.0,2016-12-02,151197597696.0,0.30821071641640807,2.0,120000000.0,60000002.0,151254671463.3725,0.30930263109049994,25.329695965233675,7.522253594118474e-142,healthy
Adobe,ADBE,2017.0,2017-12-01,151197597696.0,0.30821071641640807,2.0,120000000.0,60000002.0,151254671463.3725,0.30930263109049994,25.329695965233675,7.522253594118474e-142,healthy
Adobe,ADBE,2018.0,2018-11-30,151197597696.0,0.30821071641640807,2.0,120000000.0,60000002.0,151254671463.3725,0.30930263109049994,25.329695965233675,7.522253594118474e-142,healthy
Adobe,ADBE,2019.0,2019-11-29,151197597696.0,0.30821071641640807,2951458000.0,3268121000.0,4585518500.0,155559477819.7924,0.3007432525136321,11.73393479514124,4.269731472758356e-32,healthy
Adobe,ADBE,2020.0,2020-11-27,151197597696.0,0.30821071641640807,5260000000.0,4237000000.0,7378500000.0,158216243825.5504,0.5864014133297015,5.0195292635789786,2.589912728405879e-07,healthy
Adobe,ADBE,2021.0,2021-12-03,151197597696.0,0.30821071641640807,4822000000.0,5802000000.0,7723000000.0,158543942281.32867,0.5850724354217102,4.9578032577092035,3.564735262835135e-07,healthy
Adobe,ADBE,2022.0,2022-12-02,151197597696.0,0.30821071641640807,4756000000.0,6098000000.0,7805000000.0,158621943070.92587,0.5847567901585622,4.943574657523585,3.8351478466430524e-07,healthy
Adobe,ADBE,2023.0,2023-12-01,151197597696.0,0.30821071641640807,5428000000.0,6650000000.0,8753000000.0,159523708146.2936,0.5811331201552972,4.790534396713903,8.316885222828009e-07,healthy
Adobe,ADBE,2024.0,2024-11-29,151197597696.0,0.30821071641640807,5560000000.0,6741000000.0,8930500000.0,159692551251.15643,0.5804592790478753,4.764006089894973,9.489338632433848e-07,healthy
Adobe,ADBE,2025.0,2025-08-29,151197597696.0,0.30821071641640807,1772000000.0,2173000000.0,2858500000.0,153916687005.9353,0.3039531772572215,13.126760903950535,1.1567098834896732e-39,healthy
Amazon,AMZN,1997.0,1997-09-30,2418019926016.0,0.34861381553329185,382.0,,28723.5,2418019953338.638,0.37185473289383164,49.022802869831324,0.0,healthy
Amazon,AMZN,1998.0,1998-12-31,2418019926016.0,0.34861381553329185,-124546.0,,324230.0,2418020234433.116,0.37185468982944037,42.50483937405517,0.0,healthy
Amazon,AMZN,1999.0,1999-12-31,2418019926016.0,0.34861381553329185,-719968.0,,1235775.5,2418021101522.0176,0.37185455619183366,38.90667246736802,0.0,healthy
Amazon,AMZN,2000.0,2000-09-30,2418019926016.0,0.34861381553329185,0.25,,1127313.5,2418020998349.772,0.3718545725607725,39.15370628349664,0.0,healthy
Amazon,AMZN,2001.0,2001-09-30,2418019926016.0,0.34861381553329185,3.0,,,,,,,unknown
Amazon,AMZN,2002.0,2002-12-31,2418019926016.0,0.34861381553329185,2.0,2.0,3.0,2418019926018.8535,0.4648184218214261,58.85594987885297,0.0,healthy
Amazon,AMZN,2003.0,2003-12-31,2418019926016.0,0.34861381553329185,148.0,0.0,148.0,2418019926156.7817,0.46481842178562094,50.4685887068531,0.0,healthy
Amazon,AMZN,2004.0,2004-12-31,2418019926016.0,0.34861381553329185,31.0,0.0,31.0,2418019926045.4883,0.46481842181451205,53.83167630062586,0.0,healthy
Amazon,AMZN,2005.0,2005-12-31,2418019926016.0,0.34861381553329185,1.0,432.0,217.0,2418019926222.417,0.4648184217685825,49.64528855143909,0.0,healthy
Amazon,AMZN,2006.0,2006-12-31,2418019926016.0,0.34861381553329185,1.0,1.0,1.5,2418019926017.427,0.46481842182179656,60.34717128488218,0.0,healthy
Amazon,AMZN,2007.0,2007-12-31,2418019926016.0,0.34861381553329185,1.0,1.0,1.5,2418019926017.427,0.46481842182179656,60.34717128488218,0.0,healthy
Amazon,AMZN,2008.0,2008-12-31,2418019926016.0,0.34861381553329185,1.0,1.0,1.5,2418019926017.427,0.46481842182179656,60.34717128488218,0.0,healthy
Amazon,AMZN,2009.0,2009-12-31,2418019926016.0,0.34861381553329185,476000000.0,655000000.0,803500000.0,2418784238858.5864,0.3498703380084043,22.861594454977002,5.603094795458701e-116,healthy
Amazon,AMZN,2010.0,2010-12-31,2418019926016.0,0.34861381553329185,1.0,1.0,1.5,2418019926017.427,0.46481842182179656,60.34717128488218,0.0,healthy
Amazon,AMZN,2011.0,2011-12-31,2418019926016.0,0.34861381553329185,1.0,1.0,1.5,2418019926017.427,0.46481842182179656,60.34717128488218,0.0,healthy
Amazon,AMZN,2012.0,2012-12-31,2418019926016.0,0.34861381553329185,1.0,1.0,1.5,2418019926017.427,0.46481842182179656,60.34717128488218,0.0,healthy
Amazon,AMZN,2013.0,2013-12-31,2418019926016.0,0.34861381553329185,2.0,10.0,7.0,2418019926022.6587,0.4648184218204384,57.033092133652936,0.0,healthy
Amazon,AMZN,2014.0,2014-12-31,2418019926016.0,0.34861381553329185,2.0,10.0,7.0,2418019926022.6587,0.4648184218204384,57.033092133652936,0.0,healthy
Amazon,AMZN,2015.0,2015-12-31,2418019926016.0,0.34861381553329185,2.0,10.0,7.0,2418019926022.6587,0.4648184218204384,57.033092133652936,0.0,healthy
Amazon,AMZN,2016.0,2016-12-31,2418019926016.0,0.34861381553329185,2.0,2.0,3.0,2418019926018.8535,0.4648184218214261,58.85594987885297,0.0,healthy
Amazon,AMZN,2017.0,2017-12-31,2418019926016.0,0.34861381553329185,2.0,2.0,3.0,2418019926018.8535,0.4648184218214261,58.85594987885297,0.0,healthy
Amazon,AMZN,2018.0,2018-12-31,2418019926016.0,0.34861381553329185,2.0,2.0,3.0,2418019926018.8535,0.4648184218214261,58.85594987885297,0.0,healthy
Amazon,AMZN,2019.0,2019-12-31,2418019926016.0,0.34861381553329185,11588000000.0,14541000000.0,18858500000.0,2435958686117.947,0.3474036150319448,13.962972987518464,1.31130683297766e-44,healthy
Amazon,AMZN,2020.0,2020-12-31,2418019926016.0,0.34861381553329185,21331000000.0,22899000000.0,32780500000.0,2449201702165.8457,0.34552517309383773,12.456371056935684,6.455667391464741e-36,healthy
Amazon,AMZN,2021.0,2021-12-31,2418019926016.0,0.34861381553329185,33364000000.0,24879000000.0,45803500000.0,2461589562961.1187,0.3650968396479259,10.86712837423919,8.266129873071909e-28,healthy
Amazon,AMZN,2022.0,2022-12-31,2418019926016.0,0.34861381553329185,2722000000.0,12248000000.0,8846000000.0,2426434501505.1333,0.34876723746977917,16.066284045852488,2.1983237993253015e-58,healthy
Amazon,AMZN,2023.0,2023-12-31,2418019926016.0,0.34861381553329185,30425000000.0,36852000000.0,48851000000.0,2464488434632.284,0.3420406201134149,11.438608636717955,1.3407566469093762e-30,healthy
Amazon,AMZN,2024.0,2024-12-31,2418019926016.0,0.34861381553329185,59248000000.0,68593000000.0,93544500000.0,2507002189276.87,0.6700396823312916,4.647380157750993,1.680886407067895e-06,healthy
Amazon,AMZN,2025.0,2025-09-30,2418019926016.0,0.34861381553329185,21187000000.0,17422000000.0,29898000000.0,2446459783349.722,0.3459124286130374,12.704886023062755,2.7775152439275366e-37,healthy
Apple,AAPL,1993.0,1993-12-31,4129783545856.0,0.3274188818527714,40018.0,64707.0,72371.5,4129783614697.9004,0.34924680234464,51.10624203064332,0.0,healthy
Apple,AAPL,1994.0,1994-09-30,4129783545856.0,0.3274188818527714,310178.0,522274.0,571315.0,4129784089307.6387,0.3492467621722606,45.19029323001439,0.0,healthy
Apple,AAPL,1995.0,1995-09-29,4129783545856.0,0.3274188818527714,424.0,684.0,766.0,4129783546584.6416,0.4365585101441239,51.22514337880418,0.0,healthy
Apple,AAPL,1996.0,1996-09-27,4129783545856.0,0.3274188818527714,-816.0,-1383.0,-1507.5,,,,,unknown
Apple,AAPL,1997.0,1997-09-26,4129783545856.0,0.3274188818527714,-1045.0,-1070.0,-1580.0,,,,,unknown
Apple,AAPL,1998.0,1998-12-26,4129783545856.0,0.3274188818527714,152.0,127.0,215.5,4129783546060.9897,0.43655851021887676,54.13018640630646,0.0,healthy
Apple,AAPL,1999.0,1999-09-25,4129783545856.0,0.3274188818527714,601.0,44.0,623.0,4129783546448.6157,0.4365585101635421,51.6984720280146,0.0,healthy
Apple,AAPL,2000.0,2000-09-30,4129783545856.0,0.3274188818527714,786.0,620.0,1096.0,4129783546898.5474,0.4365585100993129,50.404542503803825,0.0,healthy
Apple,AAPL,2001.0,2001-12-29,4129783545856.0,0.3274188818527714,38000.0,,,,,,,unknown
Apple,AAPL,2002.0,2002-09-28,4129783545856.0,0.3274188818527714,65000.0,17000.0,73500.0,4129783615771.363,0.3492468022229789,51.061938620801065,0.0,healthy
Apple,AAPL,2003.0,2003-09-27,4129783545856.0,0.3274188818527714,69000.0,,,,,,,unknown
Apple,AAPL,2004.0,2004-09-25,4129783545856.0,0.3274188818527714,276000.0,326000.0,439000.0,4129783963445.7173,0.34924677262044546,45.944604572562646,0.0,healthy
Apple,AAPL,2005.0,2005-09-24,4129783545856.0,0.3274188818527714,9.0,151.0,84.5,4129783545936.379,0.43655851023666536,56.27470850867551,0.0,healthy
Apple,AAPL,2006.0,2006-09-30,4129783545856.0,0.3274188818527714,7.0,8.0,11.0,4129783545866.4634,0.43655851024664594,60.945001752598095,0.0,healthy
Apple,AAPL,2007.0,2007-09-29,4129783545856.0,0.3274188818527714,3496000.0,4409000.0,5700500.0,4129788968339.3345,0.34924634928600146,38.60368618713938,0.0,healthy
Apple,AAPL,2008.0,2008-09-27,4129783545856.0,0.3274188818527714,1989000.0,2453000.0,3215500.0,4129786604534.2144,0.3492465492733682,40.24310871662857,0.0,healthy
Apple,AAPL,2009.0,2009-09-26,4129783545856.0,0.3274188818527714,1328000.0,4407000.0,3531500.0,4129786905122.7124,0.3492465242267284,39.974705891449325,0.0,healthy
Apple,AAPL,2010.0,2010-09-25,4129783545856.0,0.3274188818527714,1.0,2.4,2.2,4129783545858.093,0.43655851024784104,64.63165056273127,0.0,healthy
Apple,AAPL,2011.0,2011-09-24,4129783545856.0,0.3274188818527714,1.0,3.3,2.65,4129783545858.521,0.4365585102477797,64.20535654884493,0.0,healthy
Apple,AAPL,2012.0,2012-09-29,4129783545856.0,0.3274188818527714,1.0,4.7,3.35,4129783545859.1865,0.4365585102476848,63.66842804938776,0.0,healthy
Apple,AAPL,2013.0,2013-09-28,4129783545856.0,0.3274188818527714,1.0,4.0,3.0,4129783545858.8535,0.4365585102477323,63.921196131043345,0.0,healthy
Apple,AAPL,2014.0,2014-09-27,4129783545856.0,0.3274188818527714,39510.0,4.6,39512.3,4129783583441.262,0.3492468050197539,52.83911519004715,0.0,healthy
Apple,AAPL,2015.0,2015-09-26,4129783545856.0,0.3274188818527714,53394.0,71230.0,89009.0,4129783630523.98,0.3492468010714062,50.51375315816287,0.0,healthy
Apple,AAPL,2016.0,2016-09-24,4129783545856.0,0.3274188818527714,2.0,2.0,3.0,4129783545858.8535,0.4365585102477323,63.921196131043345,0.0,healthy
Apple,AAPL,2017.0,2017-09-30,4129783545856.0,0.3274188818527714,2.0,2.0,3.0,4129783545858.8535,0.4365585102477323,63.921196131043345,0.0,healthy
Apple,AAPL,2018.0,2018-09-29,4129783545856.0,0.3274188818527714,2.0,2.0,3.0,4129783545858.8535,0.4365585102477323,63.921196131043345,0.0,healthy
Apple,AAPL,2019.0,2019-09-28,4129783545856.0,0.3274188818527714,55256000000.0,63930000000.0,87221000000.0,4212750727490.377,0.32222928869444223,12.027181401216387,1.2787161957644236e-33,healthy
Apple,AAPL,2020.0,2020-09-26,4129783545856.0,0.3274188818527714,57411000000.0,,129274500000.0,4252753253248.8174,0.6340213115431578,5.2717349611374935,6.757006853375498e-08,healthy
Apple,AAPL,2021.0,2021-09-25,4129783545856.0,0.3274188818527714,94680000000.0,108949000000.0,149154500000.0,4271663692274.707,0.6309370599777652,5.080911217411326,1.878143282716874e-07,healthy
Apple,AAPL,2022.0,2022-09-24,4129783545856.0,0.3274188818527714,99803000000.0,119437000000.0,159521500000.0,4281525085721.68,0.629340406636723,4.992292147971655,2.983345520493184e-07,healthy
Apple,AAPL,2023.0,2023-09-30,4129783545856.0,0.3274188818527714,96995000000.0,114301000000.0,154145500000.0,4276411277483.2905,0.6301673709338247,5.037418910344726,2.3592567637912933e-07,healthy
Apple,AAPL,2024.0,2024-09-28,4129783545856.0,0.3274188818527714,93736000000.0,123216000000.0,155344000000.0,4277551325715.141,0.6299828277175433,5.0272081572917475,2.488360264954773e-07,healthy
Apple,AAPL,2025.0,2025-09-27,4129783545856.0,0.3274188818527714,112010000000.0,133050000000.0,178535000000.0,4299611279618.0815,0.6264329353365037,4.845348886722673,6.319468983819605e-07,healthy
Cisco,CSCO,1995.0,1995-10-26,307395166208.0,0.23735435576293445,,4.8,878639.5,307396001995.7459,0.2531772918546896,50.49119228069473,0.0,healthy
Cisco,CSCO,1996.0,1996-07-28,307395166208.0,0.23735435576293445,,1400806.0,1815116.0,307396892799.7481,0.25317655821874946,47.625643244893254,0.0,healthy
Cisco,CSCO,1997.0,1997-07-26,307395166208.0,0.23735435576293445,13.01,,,,,,,unknown
Cisco,CSCO,1998.0,1998-07-25,307395166208.0,0.23735435576293445,,,,,,,,unknown
Cisco,CSCO,1999.0,1999-10-30,307395166208.0,0.23735435576293445,438.0,685.0,780.5,307395166950.4346,0.2531779797309102,78.2430434193708,0.0,healthy
Cisco,CSCO,2000.0,2000-07-29,307395166208.0,0.23735435576293445,,,,,,,,unknown
Cisco,CSCO,2001.0,2001-07-28,307395166208.0,0.23735435576293445,,,,,,,,unknown
Cisco,CSCO,2002.0,2002-07-27,307395166208.0,0.23735435576293445,,,,,,,,unknown
Cisco,CSCO,2003.0,2003-07-26,307395166208.0,0.23735435576293445,0.0,,,,,,,unknown
Cisco,CSCO,2004.0,2004-07-31,307395166208.0,0.23735435576293445,0.0,,,,,,,unknown
Cisco,CSCO,2005.0,2005-07-30,307395166208.0,0.23735435576293445,0.0,,,,,,,unknown
Cisco,CSCO,2006.0,2006-07-29,307395166208.0,0.23735435576293445,0.0,,,,,,,unknown
Cisco,CSCO,2007.0,2007-07-28,307395166208.0,0.23735435576293445,6.0,,,,,,,unknown
Cisco,CSCO,2008.0,2008-07-26,307395166208.0,0.23735435576293445,6.0,,,,,,,unknown
Cisco,CSCO,2009.0,2009-07-25,307395166208.0,0.23735435576293445,6.0,,,,,,,unknown
Cisco,CSCO,2010.0,2010-07-31,307395166208.0,0.23735435576293445,6.0,,,,,,,unknown
Cisco,CSCO,2011.0,2011-07-30,307395166208.0,0.23735435576293445,12.0,1.0,12.5,307395166219.8904,0.3164724754451591,75.60086813674258,0.0,healthy
Cisco,CSCO,2012.0,2012-07-28,307395166208.0,0.23735435576293445,6.0,1.0,6.5,307395166214.183,0.3164724754530941,77.66716621163668,0.0,healthy
Cisco,CSCO,2013.0,2013-07-27,307395166208.0,0.23735435576293445,120.0,2.0,121.0,307395166323.09875,0.31647247530166844,68.42785289143434,0.0,healthy
Cisco,CSCO,2014.0,2014-07-26,307395166208.0,0.23735435576293445,120.0,2.0,121.0,307395166323.09875,0.31647247530166844,68.42785289143434,0.0,healthy
Cisco,CSCO,2015.0,2015-07-25,307395166208.0,0.23735435576293445,120.0,2.0,121.0,307395166323.09875,0.31647247530166844,68.42785289143434,0.0,healthy
Cisco,CSCO,2016.0,2016-07-30,307395166208.0,0.23735435576293445,120.0,2.0,121.0,307395166323.09875,0.31647247530166844,68.42785289143434,0.0,healthy
Cisco,CSCO,2017.0,2017-07-29,307395166208.0,0.23735435576293445,120.0,2.0,121.0,307395166323.09875,0.31647247530166844,68.42785289143434,0.0,healthy
Cisco,CSCO,2018.0,2018-07-28,307395166208.0,0.23735435576293445,120.0,2.0,121.0,307395166323.09875,0.31647247530166844,68.42785289143434,0.0,healthy
Cisco,CSCO,2019.0,2019-07-27,307395166208.0,0.23735435576293445,120.0,2.0,121.0,307395166323.09875,0.31647247530166844,68.42785289143434,0.0,healthy
Cisco,CSCO,2020.0,2020-07-25,307395166208.0,0.23735435576293445,11214000000.0,13620000000.0,18024000000.0,324540125355.20087,0.2256968392831909,12.91659845952609,1.8141506173883064e-38,healthy
Cisco,CSCO,2021.0,2021-07-31,307395166208.0,0.23735435576293445,10591000000.0,12833000000.0,17007500000.0,323573200645.1959,0.2263712907755008,13.120696318860142,1.2531075778235766e-39,healthy
Cisco,CSCO,2022.0,2022-07-30,307395166208.0,0.23735435576293445,11812000000.0,13969000000.0,18796500000.0,325274950085.6277,0.22518696394230733,12.770035653650613,1.2052201398433954e-37,healthy
Cisco,CSCO,2023.0,2023-07-29,307395166208.0,0.23735435576293445,12613000000.0,15031000000.0,20128500000.0,326541987679.0626,0.22431318946416756,12.532761099676298,2.47059749887744e-36,healthy
Cisco,CSCO,2024.0,2024-07-27,307395166208.0,0.23735435576293445,10320000000.0,12181000000.0,16410500000.0,323005316678.769,0.22676928454493572,13.247099409211618,2.3449069188293486e-40,healthy
Cisco,CSCO,2025.0,2025-07-26,307395166208.0,0.23735435576293445,10180000000.0,11760000000.0,16060000000.0,322671910765.48145,0.22700360017683285,13.323749150795162,8.421606313048098e-41,healthy
IBM,IBM,1993.0,1993-12-31,289057505280.0,0.30427102218797547,,,,,,,,unknown
IBM,IBM,1994.0,1994-12-31,289057505280.0,0.30427102218797547,2937.0,,,,,,,unknown
IBM,IBM,1995.0,1995-09-30,289057505280.0,0.30427102218797547,2467.0,188.0,2561.0,289057507716.0986,0.32455575489638266,57.12137254999933,0.0,healthy
IBM,IBM,1996.0,1996-12-31,289057505280.0,0.30427102218797547,,,,,,,,unknown
IBM,IBM,1997.0,1997-09-30,289057505280.0,0.30427102218797547,1359.0,,29268.5,289057533121.0584,0.32455572666316623,49.61538163609183,0.0,healthy
IBM,IBM,1998.0,1998-12-31,289057505280.0,0.30427102218797547,1036.0,1552.0,1812.0,289057507003.62775,0.3245557557266614,58.18734208938113,0.0,healthy
IBM,IBM,1999.0,1999-09-30,289057505280.0,0.30427102218797547,1762.0,2680.0,3102.0,289057508230.7137,0.32455575436382766,56.53087547026282,0.0,healthy
IBM,IBM,2000.0,2000-12-31,289057505280.0,0.30427102218797547,,,,,,,,unknown
IBM,IBM,2001.0,2001-09-30,289057505280.0,0.30427102218797547,1595.0,,31558.5,289057535299.3738,0.3245557238689692,49.38327675753642,0.0,healthy
IBM,IBM,2002.0,2002-12-31,289057505280.0,0.30427102218797547,,,,,,,,unknown
IBM,IBM,2003.0,2003-12-31,289057505280.0,0.30427102218797547,,,,,,,,unknown
IBM,IBM,2004.0,2004-12-31,289057505280.0,0.30427102218797547,,,,,,,,unknown
IBM,IBM,2005.0,2005-12-31,289057505280.0,0.30427102218797547,2.0,,,,,,,unknown
IBM,IBM,2006.0,2006-12-31,289057505280.0,0.30427102218797547,2.0,,,,,,,unknown
IBM,IBM,2007.0,2007-12-31,289057505280.0,0.30427102218797547,,,,,,,,unknown
IBM,IBM,2008.0,2008-12-31,289057505280.0,0.30427102218797547,2.0,,,,,,,unknown
IBM,IBM,2009.0,2009-12-31,289057505280.0,0.30427102218797547,2.0,,,,,,,unknown
IBM,IBM,2010.0,2010-12-31,289057505280.0,0.30427102218797547,2.0,,,,,,,unknown
IBM,IBM,2011.0,2011-12-31,289057505280.0,0.30427102218797547,2.0,,,,,,,unknown
IBM,IBM,2012.0,2012-12-31,289057505280.0,0.30427102218797547,2.0,,,,,,,unknown
IBM,IBM,2013.0,2013-12-31,289057505280.0,0.30427102218797547,2.0,,,,,,,unknown
IBM,IBM,2014.0,2014-09-30,289057505280.0,0.30427102218797547,1.0,,,,,,,unknown
IBM,IBM,2015.0,2015-09-30,289057505280.0,0.30427102218797547,1.0,,,,,,,unknown
IBM,IBM,2016.0,2016-12-31,289057505280.0,0.30427102218797547,2.0,,,,,,,unknown
IBM,IBM,2017.0,2017-09-30,289057505280.0,0.30427102218797547,2.0,,,,,,,unknown
IBM,IBM,2018.0,2018-09-30,289057505280.0,0.30427102218797547,2.0,,,,,,,unknown
IBM,IBM,2019.0,2019-03-31,289057505280.0,0.30427102218797547,2.0,,,,,,,unknown
IBM,IBM,2020.0,2020-09-30,289057505280.0,0.30427102218797547,1698000000.0,1827000000.0,2611500000.0,291541640922.0836,0.30286147349644255,15.582686984417514,4.772821091471394e-55,healthy
IBM,IBM,2021.0,2021-09-30,289057505280.0,0.30427102218797547,1130000000.0,1319000000.0,1789500000.0,290759730335.14404,0.3036759294893722,16.775947568299042,1.82987109307756e-63,healthy
IBM,IBM,2022.0,2022-09-30,289057505280.0,0.30427102218797547,3196000000.0,4501000000.0,5446500000.0,294238376340.54315,0.3000856974687986,13.31083541446179,1.001151211551826e-40,healthy
IBM,IBM,2023.0,2023-09-30,289057505280.0,0.30427102218797547,1704000000.0,1873000000.0,2640500000.0,291569226575.39417,0.30283281939328094,15.548035115800552,8.203120318769571e-55,healthy
IBM,IBM,2024.0,2024-09-30,289057505280.0,0.30427102218797547,330000000.0,802000000.0,731000000.0,289752853989.31,0.3047311888928148,19.64334410351694,3.295579728847319e-86,healthy
IBM,IBM,2025.0,2025-09-30,289057505280.0,0.30427102218797547,1744000000.0,2430000000.0,2959000000.0,291872193147.0976,0.3025184749394396,15.191488471612727,2.013355772734038e-52,healthy
KLA Corp,KLAC,1993.0,1993-12-31,157220798464.0,0.4312323511441005,1369.0,2442.0,2590.0,157220800927.6842,0.4599811679340654,38.84009560159008,0.0,healthy
KLA Corp,KLAC,1994.0,1994-12-16,157220798464.0,0.4312323511441005,,,,,,,,unknown
KLA Corp,KLAC,1995.0,1995-06-30,157220798464.0,0.4312323511441005,,,,,,,,unknown
KLA Corp,KLAC,1996.0,1996-06-30,157220798464.0,0.4312323511441005,,,,,,,,unknown
KLA Corp,KLAC,1997.0,1997-06-30,157220798464.0,0.4312323511441005,11507.0,,,,,,,unknown
KLA Corp,KLAC,1998.0,1998-06-30,157220798464.0,0.4312323511441005,,,,,,,,unknown
KLA Corp,KLAC,1999.0,1999-06-30,157220798464.0,0.4312323511441005,4.0,,,,,,,unknown
KLA Corp,KLAC,2000.0,2000-06-30,157220798464.0,0.4312323511441005,196634.0,-1.0,196633.5,157220985507.57104,0.4599806283596888,29.42739196157024,1.2256274391887858e-190,healthy
KLA Corp,KLAC,2001.0,2001-06-30,157220798464.0,0.4312323511441005,105396.0,,1101751.5,157221846482.44528,0.45997810910506154,25.681052579223174,9.516148826820147e-146,healthy
KLA Corp,KLAC,2002.0,2002-06-30,157220798464.0,0.4312323511441005,216166.0,244893.0,338612.5,157221120562.1735,0.4599802329353738,28.245814842226185,8.010995064145483e-176,healthy
KLA Corp,KLAC,2003.0,2003-06-30,157220798464.0,0.4312323511441005,3.0,2.0,4.0,157220798467.80493,0.574976469284454,42.22663879261794,0.0,healthy
KLA Corp,KLAC,2004.0,2004-06-30,157220798464.0,0.4312323511441005,1.0,1.0,1.5,157220798465.42685,0.5749764692961985,43.93249860579343,0.0,healthy
KLA Corp,KLAC,2005.0,2005-06-30,157220798464.0,0.4312323511441005,160.0,160.0,240.0,157220798692.29507,0.5749764681757707,35.105748217163715,2.754078685667112e-270,healthy
KLA Corp,KLAC,2006.0,2006-06-30,157220798464.0,0.4312323511441005,1.0,,,,,,,unknown
KLA Corp,KLAC,2007.0,2007-06-30,157220798464.0,0.4312323511441005,1.0,,,,,,,unknown
KLA Corp,KLAC,2008.0,2008-06-30,157220798464.0,0.4312323511441005,212476000.0,243630000.0,334291000.0,157538785899.54578,0.4320496149247179,14.146712436394603,9.784713029926765e-46,healthy
KLA Corp,KLAC,2009.0,2009-06-30,157220798464.0,0.4312323511441005,1.0,1.0,1.5,157220798465.42685,0.5749764692961985,43.93249860579343,0.0,healthy
KLA Corp,KLAC,2010.0,2010-06-30,157220798464.0,0.4312323511441005,1.0,146.0,74.0,157220798534.391,0.5749764689556072,37.15204726561954,2.03136803287015e-302,healthy
KLA Corp,KLAC,2011.0,2011-06-30,157220798464.0,0.4312323511441005,2.0,8217.0,4110.5,157220802374.02856,0.45998116340541706,37.83595315083534,0.0,healthy
KLA Corp,KLAC,2012.0,2012-06-30,157220798464.0,0.4312323511441005,2.0,2.0,3.0,157220798466.8537,0.5749764692891517,42.72697591528372,0.0,healthy
KLA Corp,KLAC,2013.0,2013-06-30,157220798464.0,0.4312323511441005,2.0,2.0,3.0,157220798466.8537,0.5749764692891517,42.72697591528372,0.0,healthy
KLA Corp,KLAC,2014.0,2014-06-30,157220798464.0,0.4312323511441005,2.0,2.0,3.0,157220798466.8537,0.5749764692891517,42.72697591528372,0.0,healthy
KLA Corp,KLAC,2015.0,2015-06-30,157220798464.0,0.4312323511441005,10.0,,,,,,,unknown
KLA Corp,KLAC,2016.0,2016-06-30,157220798464.0,0.4312323511441005,120.0,,,,,,,unknown
KLA Corp,KLAC,2017.0,2017-06-30,157220798464.0,0.4312323511441005,120.0,30.0,135.0,157220798592.416,0.5749764686690408,36.106422432579706,8.991604145832255e-286,healthy
KLA Corp,KLAC,2018.0,2018-06-30,157220798464.0,0.4312323511441005,120.0,30.0,135.0,157220798592.416,0.5749764686690408,36.106422432579706,8.991604145832255e-286,healthy
KLA Corp,KLAC,2019.0,2019-06-30,157220798464.0,0.4312323511441005,120.0,30.0,135.0,157220798592.416,0.5749764686690408,36.106422432579706,8.991604145832255e-286,healthy
KLA Corp,KLAC,2020.0,2020-06-30,157220798464.0,0.4312323511441005,1216785000.0,,3299475000.0,160359350744.16196,0.8438756872119382,4.239476075209554,1.1202103441839443e-05,healthy
KLA Corp,KLAC,2021.0,2021-06-30,157220798464.0,0.4312323511441005,2078292000.0,,3447741000.0,160500384144.33224,0.8430644278577891,4.193271795658965,1.3747983503888423e-05,healthy
KLA Corp,KLAC,2022.0,2022-06-30,157220798464.0,0.4312323511441005,3321807000.0,3489237000.0,5066425500.0,162040073017.3739,0.8342667590827232,3.796396754927345,7.340723279729718e-05,healthy
KLA Corp,KLAC,2023.0,2023-06-30,157220798464.0,0.4312323511441005,3387277000.0,3789190000.0,5281872000.0,162244997914.13965,0.8331084367663057,3.754363746105694,8.689117277195411e-05,healthy
KLA Corp,KLAC,2024.0,2024-06-30,157220798464.0,0.4312323511441005,2761896000.0,3190032000.0,4356912000.0,161365195253.57745,0.8381036150932186,3.950224824001823,3.9038908931694715e-05,healthy
KLA Corp,KLAC,2025.0,2025-06-30,157220798464.0,0.4312323511441005,4061643000.0,4644448000.0,6383867000.0,163293131845.52383,0.8272330102636061,3.565640697064575,0.0001814841854787932,healthy
Meta,META,2012.0,2012-12-31,1623799496704.0,0.38314229765058394,2.0,10.0,7.0,1623799496710.6587,0.5108563979757275,51.06991458280068,0.0,healthy
Meta,META,2013.0,2013-12-31,1623799496704.0,0.38314229765058394,2.0,2.0,3.0,1623799496706.8538,0.510856397977344,52.72849782391544,0.0,healthy
Meta,META,2014.0,2014-12-31,1623799496704.0,0.38314229765058394,2.0,2.0,3.0,1623799496706.8538,0.510856397977344,52.72849782391544,0.0,healthy
Meta,META,2015.0,2015-12-31,1623799496704.0,0.38314229765058394,,,,,,,,unknown
Meta,META,2016.0,2016-12-31,1623799496704.0,0.38314229765058394,2.0,2.0,3.0,1623799496706.8538,0.510856397977344,52.72849782391544,0.0,healthy
Meta,META,2017.0,2017-12-31,1623799496704.0,0.38314229765058394,2.0,2.0,3.0,1623799496706.8538,0.510856397977344,52.72849782391544,0.0,healthy
Meta,META,2018.0,2018-12-31,1623799496704.0,0.38314229765058394,2.0,2.0,3.0,1623799496706.8538,0.510856397977344,52.72849782391544,0.0,healthy
Meta,META,2019.0,2019-12-31,1623799496704.0,0.38314229765058394,18485000000.0,23986000000.0,30478000000.0,1652791066103.6729,0.7514855090607011,5.004554712851061,2.7995653891530027e-07,healthy
Meta,META,2020.0,2020-12-31,1623799496704.0,0.38314229765058394,29146000000.0,32671000000.0,45481500000.0,1667062821190.3408,0.7444156784946878,4.5329990536716265,2.9076037874047884e-06,healthy
Meta,META,2021.0,2021-12-31,1623799496704.0,0.38314229765058394,39370000000.0,46753000000.0,62746500000.0,1683485685429.8123,0.7364369029065607,4.166479528723346,1.546698285777338e-05,healthy
Meta,META,2022.0,2022-12-31,1623799496704.0,0.38314229765058394,23200000000.0,28944000000.0,37672000000.0,1659634206996.8232,0.7480810652441818,4.752991235845884,1.002145196385007e-06,healthy
Meta,META,2023.0,2023-12-31,1623799496704.0,0.38314229765058394,39098000000.0,46751000000.0,62473500000.0,1683226003150.669,0.7365617395047628,4.171358952543051,1.5139422741370149e-05,healthy
Meta,META,2024.0,2024-12-31,1623799496704.0,0.38314229765058394,62360000000.0,69380000000.0,97050000000.0,1716114786735.598,0.7210793399053159,3.69253978815044,0.00011101279541118627,healthy
Meta,META,2025.0,2025-09-30,1623799496704.0,0.38314229765058394,2709000000.0,20535000000.0,12976500000.0,1636143125331.0334,0.3817429206715961,12.610824928305302,9.202816328031542e-37,healthy
Micron Technology,MU,1994.0,1994-09-01,271366848512.0,0.640046963296907,400.5,620.1,710.55,271366849187.89606,0.6827167593266994,28.676089692004965,3.7909900948467427e-181,healthy
Micron Technology,MU,1995.0,1995-08-31,271366848512.0,0.640046963296907,844.1,1296.5,1492.35,271366849931.56723,0.68271675889626,27.589155770113763,7.507231478226005e-168,healthy
Micron Technology,MU,1996.0,1996-08-29,271366848512.0,0.640046963296907,593.5,944.5,1065.75,271366849525.77277,0.6827167581874948,28.08229336570278,8.059600665307295e-174,healthy
Micron Technology,MU,1997.0,1997-11-27,271366848512.0,0.640046963296907,9.6,17.5,18.35,271366848529.45505,0.8533959520995253,27.07180116118809,1.0578091111319364e-161,healthy
Micron Technology,MU,1998.0,1998-09-03,271366848512.0,0.640046963296907,-233.7,-493.6,-480.5,,,,,unknown
Micron Technology,MU,1999.0,1999-12-02,271366848512.0,0.640046963296907,-5.6,532.0,260.4,271366848759.70013,0.853395951121716,23.963526152157115,3.339458408097846e-127,healthy
Micron Technology,MU,2000.0,2000-08-31,271366848512.0,0.640046963296907,1504.2,2293.3,2650.8500000000004,271366851033.56653,0.6827167551806956,26.747623507874167,6.5796790819227564e-158,healthy
Micron Technology,MU,2001.0,2001-08-30,271366848512.0,0.640046963296907,,,,,,,,unknown
Micron Technology,MU,2002.0,2002-08-29,271366848512.0,0.640046963296907,,,,,,,,unknown
Micron Technology,MU,2003.0,2003-08-28,271366848512.0,0.640046963296907,400000.0,4700000.0,2750000.0,271369464392.9174,0.6827101801294703,16.575978110878445,5.197878473460003e-62,healthy
Micron Technology,MU,2004.0,2004-09-02,271366848512.0,0.640046963296907,2.0,2.0,3.0,271366848514.8537,0.8533959521615346,29.19393131596558,1.1578099729537156e-187,healthy
Micron Technology,MU,2005.0,2005-12-31,271366848512.0,0.640046963296907,2.0,2.0,3.0,271366848514.8537,0.8533959521615346,29.19393131596558,1.1578099729537156e-187,healthy
Micron Technology,MU,2006.0,2006-08-31,271366848512.0,0.640046963296907,2.0,2.0,3.0,271366848514.8537,0.8533959521615346,29.19393131596558,1.1578099729537156e-187,healthy
Micron Technology,MU,2007.0,2007-10-12,271366848512.0,0.640046963296907,1.0,,,,,,,unknown
Micron Technology,MU,2008.0,2008-10-08,271366848512.0,0.640046963296907,1.0,1.0,1.5,271366848513.42685,0.8533959521675945,30.006153565921228,4.078682016238241e-198,healthy
Micron Technology,MU,2009.0,2009-09-03,271366848512.0,0.640046963296907,1.0,1.0,1.5,271366848513.42685,0.8533959521675945,30.006153565921228,4.078682016238241e-198,healthy
Micron Technology,MU,2010.0,2010-09-02,271366848512.0,0.640046963296907,1.0,1.0,1.5,271366848513.42685,0.8533959521675945,30.006153565921228,4.078682016238241e-198,healthy
Micron Technology,MU,2011.0,2011-09-01,271366848512.0,0.640046963296907,,,,,,,,unknown
Micron Technology,MU,2012.0,2012-12-31,271366848512.0,0.640046963296907,,,,,,,,unknown
Micron Technology,MU,2013.0,2013-08-29,271366848512.0,0.640046963296907,,,,,,,,unknown
Micron Technology,MU,2014.0,2014-08-28,271366848512.0,0.640046963296907,,,,,,,,unknown
Micron Technology,MU,2015.0,2015-09-30,271366848512.0,0.640046963296907,2.0,2.0,3.0,271366848514.8537,0.8533959521615346,29.19393131596558,1.1578099729537156e-187,healthy
Micron Technology,MU,2016.0,2016-09-01,271366848512.0,0.640046963296907,,,,,,,,unknown
Micron Technology,MU,2017.0,2017-08-31,271366848512.0,0.640046963296907,2.0,2.0,3.0,271366848514.8537,0.8533959521615346,29.19393131596558,1.1578099729537156e-187,healthy
Micron Technology,MU,2018.0,2018-08-30,271366848512.0,0.640046963296907,,,,,,,,unknown
Micron Technology,MU,2019.0,2019-08-29,271366848512.0,0.640046963296907,2.0,2.0,3.0,271366848514.8537,0.8533959521615346,29.19393131596558,1.1578099729537156e-187,healthy
Micron Technology,MU,2020.0,2020-09-03,271366848512.0,0.640046963296907,,,,,,,,unknown
Micron Technology,MU,2021.0,2021-09-02,271366848512.0,0.640046963296907,,,,,,,,unknown
Micron Technology,MU,2022.0,2022-09-01,271366848512.0,0.640046963296907,,,,,,,,unknown
Micron Technology,MU,2023.0,2023-08-31,271366848512.0,0.640046963296907,5833000000.0,5745000000.0,8705500000.0,279614393839.8665,1.2382766551784286,2.2230831296318474,0.013105097503488858,healthy
Micron Technology,MU,2024.0,2024-08-29,271366848512.0,0.640046963296907,778000000.0,1304000000.0,1430000000.0,272727037032.53354,1.2730578074635592,3.5273016429163353,0.0002099090945639175,healthy
Micron Technology,MU,2025.0,2025-08-28,271366848512.0,0.640046963296907,8539000000.0,9770000000.0,13424000000.0,284028493794.8216,1.2164898222579643,1.9417397717755516,0.026084305673854245,moderate
Microsoft,MSFT,1993.0,1993-12-31,3556993138688.0,0.24686908687083087,289.0,415.0,496.5,3556993139160.2856,0.3291587839552699,68.9277684509124,0.0,healthy
Microsoft,MSFT,1994.0,1994-06-30,3556993138688.0,0.24686908687083087,,,,,,,,unknown
Microsoft,MSFT,1995.0,1995-06-30,3556993138688.0,0.24686908687083087,209.0,289.0,353.5,3556993139024.26,0.3291587835635313,69.95979324321269,0.0,healthy
Microsoft,MSFT,1996.0,1996-06-30,3556993138688.0,0.24686908687083087,,,,,,,,unknown
Microsoft,MSFT,1997.0,1997-06-30,3556993138688.0,0.24686908687083087,,,,,,,,unknown
Microsoft,MSFT,1998.0,1998-06-30,3556993138688.0,0.24686908687083087,,,,,,,,unknown
Microsoft,MSFT,1999.0,1999-06-30,3556993138688.0,0.24686908687083087,,,,,,,,unknown
Microsoft,MSFT,2000.0,2000-06-30,3556993138688.0,0.24686908687083087,,,,,,,,unknown
Microsoft,MSFT,2001.0,2001-06-30,3556993138688.0,0.24686908687083087,3454.0,10010.0,8459.0,3556993146734.4497,0.26332702627977944,75.46616144668806,0.0,healthy
Microsoft,MSFT,2002.0,2002-06-30,3556993138688.0,0.24686908687083087,9421000000.0,,33823000000.0,3589166571512.8877,0.2456155760357556,19.071961262857485,2.1590125384040332e-81,healthy
Microsoft,MSFT,2003.0,2003-06-30,3556993138688.0,0.24686908687083087,7346000000.0,,39785500000.0,3594838276956.473,0.2452280586337719,18.44684243771505,2.7641134149736115e-76,healthy
Microsoft,MSFT,2004.0,2004-06-30,3556993138688.0,0.24686908687083087,7531000000.0,,46194500000.0,3600934706338.098,0.2448128831313306,17.875371827510552,9.17240752723086e-72,healthy
Microsoft,MSFT,2005.0,2005-06-30,3556993138688.0,0.24686908687083087,7531000000.0,14561000000.0,14811500000.0,3571082273308.992,0.24685939848683616,22.299131947108325,1.883685261655345e-110,healthy
Microsoft,MSFT,2006.0,2006-06-30,3556993138688.0,0.24686908687083087,12599000000.0,9034000000.0,17116000000.0,3573274381517.7544,0.24670795665760206,21.729301374164532,5.4219670112405615e-105,healthy
Microsoft,MSFT,2007.0,2007-06-30,3556993138688.0,0.24686908687083087,14065000000.0,14561000000.0,21345500000.0,3577297606368.68,0.24643049509694384,20.862507274859738,5.86775696142189e-97,healthy
Microsoft,MSFT,2008.0,2008-06-30,3556993138688.0,0.24686908687083087,17681000000.0,16472000000.0,25917000000.0,3581646151682.785,0.24613129855505153,20.104669294630103,3.358334288813663e-90,healthy
Microsoft,MSFT,2009.0,2009-06-30,3556993138688.0,0.24686908687083087,14569000000.0,18438000000.0,23788000000.0,3579620984238.023,0.24627054744822574,20.438929512710615,3.76871574661768e-93,healthy
Microsoft,MSFT,2010.0,2010-06-30,3556993138688.0,0.24686908687083087,1.0,12.0,7.0,3556993138694.6587,0.3291587836047202,81.87493428955747,0.0,healthy
Microsoft,MSFT,2011.0,2011-06-30,3556993138688.0,0.24686908687083087,1.0,12.0,7.0,3556993138694.6587,0.3291587836047202,81.87493428955747,0.0,healthy
Microsoft,MSFT,2012.0,2012-06-30,3556993138688.0,0.24686908687083087,1.0,12.0,7.0,3556993138694.6587,0.3291587836047202,81.87493428955747,0.0,healthy
Microsoft,MSFT,2013.0,2013-06-30,3556993138688.0,0.24686908687083087,1.0,12.0,7.0,3556993138694.6587,0.3291587836047202,81.87493428955747,0.0,healthy
Microsoft,MSFT,2014.0,2014-06-30,3556993138688.0,0.24686908687083087,1.0,12.0,7.0,3556993138694.6587,0.3291587836047202,81.87493428955747,0.0,healthy
Microsoft,MSFT,2015.0,2015-06-30,3556993138688.0,0.24686908687083087,1.0,12.0,7.0,3556993138694.6587,0.3291587836047202,81.87493428955747,0.0,healthy
Microsoft,MSFT,2016.0,2016-06-30,3556993138688.0,0.24686908687083087,1.0,12.0,7.0,3556993138694.6587,0.3291587836047202,81.87493428955747,0.0,healthy
Microsoft,MSFT,2017.0,2017-06-30,3556993138688.0,0.24686908687083087,0.5,0.0,0.5,3556993138688.4756,0.32915878360549283,89.89251565452267,0.0,healthy
Microsoft,MSFT,2018.0,2018-06-30,3556993138688.0,0.24686908687083087,0.0,0.0,0.0,,,,,unknown
Microsoft,MSFT,2019.0,2019-06-30,3556993138688.0,0.24686908687083087,0.0,0.0,0.0,,,,,unknown
Microsoft,MSFT,2020.0,2020-06-30,3556993138688.0,0.24686908687083087,44281000000.0,52959000000.0,70760500000.0,3624302608380.383,0.24323443197385275,16.26634314444581,8.553708650117338e-60,healthy
Microsoft,MSFT,2021.0,2021-06-30,3556993138688.0,0.24686908687083087,61271000000.0,69916000000.0,96229000000.0,3648528994978.2793,0.241619336574094,15.131895826974347,4.988948692844065e-52,healthy
Microsoft,MSFT,2022.0,2022-06-30,3556993138688.0,0.24686908687083087,72738000000.0,83383000000.0,114429500000.0,3665841846118.9043,0.24047822169274882,14.504180302922633,5.699552155834771e-48,healthy
Microsoft,MSFT,2023.0,2023-12-31,3556993138688.0,0.24686908687083087,21870000000.0,27032000000.0,35386000000.0,3590653343103.3823,0.24551387450429796,18.8976475200692,5.962618508217027e-80,healthy
Microsoft,MSFT,2024.0,2024-12-31,3556993138688.0,0.24686908687083087,24108000000.0,31653000000.0,39934500000.0,3594980010140.7236,0.24521839034519538,18.432496281735517,3.603954827120154e-76,healthy
Microsoft,MSFT,2025.0,2025-09-30,3556993138688.0,0.24686908687083087,27747000000.0,37961000000.0,46727500000.0,3601441711621.357,0.24477841869813022,17.83163094749846,2.0076751640264625e-71,healthy
Nvidia,NVDA,1999.0,1999-10-31,4261212061696.0,0.4965379098156412,10564.0,15107.0,18117.5,4261212078929.899,0.5296404358107425,36.22397454479822,1.2767725123890625e-287,healthy
Nvidia,NVDA,2000.0,2000-10-29,4261212061696.0,0.4965379098156412,28068.0,36647.0,46391.5,4261212105824.96,0.5296404326460958,34.44873657160721,2.351719443288776e-260,healthy
Nvidia,NVDA,2001.0,2001-10-28,4261212061696.0,0.4965379098156412,44661.0,62120.0,75721.0,4261212133724.0435,0.5296404285249792,33.52369553824828,1.0884696483524105e-246,healthy
Nvidia,NVDA,2002.0,2002-01-27,4261212061696.0,0.4965379098156412,1240.0,,,,,,,unknown
Nvidia,NVDA,2003.0,2003-01-26,4261212061696.0,0.4965379098156412,4130000.0,4516000.0,6388000.0,4261218138149.5635,0.5296396822113532,25.149900481093336,7.083716211503479e-140,healthy
Nvidia,NVDA,2004.0,2004-01-25,4261212061696.0,0.4965379098156412,,,,,,,,unknown
Nvidia,NVDA,2005.0,2005-10-31,4261212061696.0,0.4965379098156412,-38.0,1.0,-37.5,,,,,unknown
Nvidia,NVDA,2006.0,2006-01-29,4261212061696.0,0.4965379098156412,-38.0,1.0,-37.5,,,,,unknown
Nvidia,NVDA,2007.0,2007-01-28,4261212061696.0,0.4965379098156412,,,,,,,,unknown
Nvidia,NVDA,2008.0,2008-03-21,4261212061696.0,0.4965379098156412,,,,,,,,unknown
Nvidia,NVDA,2009.0,2009-01-25,4261212061696.0,0.4965379098156412,,,,,,,,unknown
Nvidia,NVDA,2010.0,2010-01-31,4261212061696.0,0.4965379098156412,1.0,,,,,,,unknown
Nvidia,NVDA,2011.0,2011-01-30,4261212061696.0,0.4965379098156412,,1.0,,,,,,unknown
Nvidia,NVDA,2012.0,2012-01-29,4261212061696.0,0.4965379098156412,,2.0,,,,,,unknown
Nvidia,NVDA,2013.0,2013-01-27,4261212061696.0,0.4965379098156412,,2.0,,,,,,unknown
Nvidia,NVDA,2014.0,2014-01-26,4261212061696.0,0.4965379098156412,,2.0,,,,,,unknown
Nvidia,NVDA,2015.0,2015-01-25,4261212061696.0,0.4965379098156412,1.0,2.0,2.0,4261212061697.9023,0.662050547531567,42.622534213096095,0.0,healthy
Nvidia,NVDA,2016.0,2016-01-31,4261212061696.0,0.4965379098156412,3000000.0,2000000.0,4000000.0,4261215866613.698,0.5296399650936296,26.03374441796696,1.0278327916848147e-149,healthy
Nvidia,NVDA,2017.0,2017-01-29,4261212061696.0,0.4965379098156412,120.0,2.0,121.0,4261212061811.0986,0.662050547507817,36.42566090874499,8.355428525219873e-291,healthy
Nvidia,NVDA,2018.0,2018-01-28,4261212061696.0,0.4965379098156412,83000000.0,66000000.0,116000000.0,4261322404309.242,0.5296267231287894,19.676589595072855,1.7113703886605203e-86,healthy
Nvidia,NVDA,2019.0,2019-01-27,4261212061696.0,0.4965379098156412,36000.0,19000.0,45500.0,4261212104976.939,0.5296404319981284,34.4853726517333,6.64545331387728e-261,healthy
Nvidia,NVDA,2020.0,2020-01-26,4261212061696.0,0.4965379098156412,2796000000.0,2846000000.0,4219000000.0,4265225298637.9688,0.49801608260285246,13.743817479453178,2.773600270516856e-43,healthy
Nvidia,NVDA,2021.0,2021-01-31,4261212061696.0,0.4965379098156412,4332000000.0,4532000000.0,6598000000.0,4267488273438.8555,0.4977519931620486,12.85406326550053,4.080422294330246e-38,healthy
Nvidia,NVDA,2022.0,2022-01-30,4261212061696.0,0.4965379098156412,9752000000.0,10041000000.0,14772500000.0,4275264098369.437,0.4968466842566095,11.259822549009126,1.0358773245772588e-29,healthy
Nvidia,NVDA,2023.0,2023-01-29,4261212061696.0,0.4965379098156412,4368000000.0,4224000000.0,6480000000.0,4267376028366.7646,0.49776508574932127,12.889913409154783,2.5650689837359016e-38,healthy
Nvidia,NVDA,2024.0,2024-01-28,4261212061696.0,0.4965379098156412,29760000000.0,32972000000.0,46246000000.0,4305202502686.902,0.9818989267134511,4.177152676562467,1.4759045135196144e-05,healthy
Nvidia,NVDA,2025.0,2025-01-26,4261212061696.0,0.4965379098156412,72880000000.0,81453000000.0,113606500000.0,4369268941983.953,0.9660603115558486,3.3465550333837757,0.00040911218009710584,healthy
Oracle,ORCL,2006.0,2006-05-31,545808515072.0,0.6113578203540783,,,,,,,,unknown
Oracle,ORCL,2007.0,2007-05-31,545808515072.0,0.6113578203540783,,,,,,,,unknown
Oracle,ORCL,2008.0,2008-05-31,545808515072.0,0.6113578203540783,,,,,,,,unknown
Oracle,ORCL,2009.0,2009-05-31,545808515072.0,0.6113578203540783,,8321.0,,,,,,unknown
Oracle,ORCL,2010.0,2010-05-31,545808515072.0,0.6113578203540783,3381000000.0,4736000000.0,5749000000.0,551276232386.2388,1.2093524416562236,3.209935572376721,0.0006638236330969893,healthy
Oracle,ORCL,2011.0,2011-05-31,545808515072.0,0.6113578203540783,,1.0,,,,,,unknown
Oracle,ORCL,2012.0,2012-05-31,545808515072.0,0.6113578203540783,1.0,1.0,1.5,545808515073.4268,0.8151437615803377,32.310667766130734,2.4770515909523074e-229,healthy
Oracle,ORCL,2013.0,2013-05-31,545808515072.0,0.6113578203540783,,1.0,,,,,,unknown
Oracle,ORCL,2014.0,2014-05-31,545808515072.0,0.6113578203540783,,1.0,,,,,,unknown
Oracle,ORCL,2015.0,2015-05-31,545808515072.0,0.6113578203540783,,1.0,,,,,,unknown
Oracle,ORCL,2016.0,2016-05-31,545808515072.0,0.6113578203540783,,1.0,,,,,,unknown
Oracle,ORCL,2017.0,2017-05-31,545808515072.0,0.6113578203540783,,1.0,,,,,,unknown
Oracle,ORCL,2018.0,2018-05-31,545808515072.0,0.6113578203540783,85.0,13679.0,6924.5,545808521658.78815,0.6521150015896141,27.633294588214326,2.2156492841633555e-168,healthy
Oracle,ORCL,2019.0,2019-05-31,545808515072.0,0.6113578203540783,85.0,0.0,85.0,545808515152.8545,0.8151437614201478,27.357938770331764,4.344264758431522e-165,healthy
Oracle,ORCL,2020.0,2020-05-31,545808515072.0,0.6113578203540783,10135000000.0,13896000000.0,17083000000.0,562020326866.7881,1.183772898391396,2.401469967302715,0.008164674709125826,healthy
Oracle,ORCL,2021.0,2021-05-31,545808515072.0,0.6113578203540783,13746000000.0,15213000000.0,21352500000.0,566045750126.4359,1.1743689664370296,2.246257281515738,0.01234376654764131,healthy
Oracle,ORCL,2022.0,2022-05-31,545808515072.0,0.6113578203540783,6717000000.0,10926000000.0,12180000000.0,557381493026.7623,1.1947245731303346,2.6447696131293412,0.004087327694635898,healthy
Oracle,ORCL,2023.0,2023-05-31,545808515072.0,0.6113578203540783,8503000000.0,13093000000.0,15049500000.0,560098361531.247,1.188294849588188,2.491591478404831,0.0063586107012914145,healthy
Oracle,ORCL,2024.0,2024-05-31,545808515072.0,0.6113578203540783,10467000000.0,15353000000.0,18143500000.0,563021478827.653,1.1814257485236823,2.359117373293909,0.009159230401994324,healthy
Oracle,ORCL,2025.0,2025-05-31,545808515072.0,0.6113578203540783,12443000000.0,17678000000.0,21282000000.0,565979393284.7878,1.1745232727640833,2.2485238283524906,0.012271403707086782,healthy
QualComm,QCOM,1996.0,1996-09-29,192374915072.0,0.3864840637742669,21027.0,-7436.0,17309.0,192374931536.8301,0.4122496331675468,39.269301933356076,0.0,healthy
QualComm,QCOM,1997.0,1997-12-28,192374915072.0,0.3864840637742669,36762.0,52895.0,63209.5,192374975198.7363,0.41224953992265645,36.12745711274958,4.2038529639688415e-286,healthy
QualComm,QCOM,1998.0,1998-09-27,192374915072.0,0.3864840637742669,108532.0,242665.0,229864.5,192375133725.87604,0.41224920013503874,32.99580237974929,4.665124818038145e-239,healthy
QualComm,QCOM,1999.0,1999-12-26,192374915072.0,0.3864840637742669,177119.0,259921.0,307079.5,192375207175.05606,0.4122490422302044,32.29328768578196,4.344961814173196e-229,healthy
QualComm,QCOM,2000.0,2000-09-30,192374915072.0,0.3864840637742669,670211.0,722638.0,1031530.0,192375896293.68826,0.4122475658518247,29.354180273889863,1.0566485037578973e-189,healthy
QualComm,QCOM,2001.0,2001-09-30,192374915072.0,0.3864840637742669,2.0,2.0,3.0,192374915074.8537,0.5153120861331442,48.128749729179624,0.0,healthy
QualComm,QCOM,2002.0,2002-09-30,192374915072.0,0.3864840637742669,2.0,2.0,3.0,192374915074.8537,0.5153120861331442,48.128749729179624,0.0,healthy
QualComm,QCOM,2003.0,2003-09-30,192374915072.0,0.3864840637742669,2.0,2.0,3.0,192374915074.8537,0.5153120861331442,48.128749729179624,0.0,healthy
QualComm,QCOM,2004.0,2004-09-30,192374915072.0,0.3864840637742669,10.0,2129.0,1074.5,192374916094.096,0.4122496668699005,46.011259455871475,0.0,healthy
QualComm,QCOM,2005.0,2005-09-25,192374915072.0,0.3864840637742669,10.0,2386.0,1203.0,192374916216.329,0.4122496659045578,45.73724357718237,0.0,healthy
QualComm,QCOM,2006.0,2006-09-24,192374915072.0,0.3864840637742669,10.0,2690.0,1355.0,192374916360.91586,0.41224966610361646,45.44862472419806,0.0,healthy
QualComm,QCOM,2007.0,2007-09-30,192374915072.0,0.3864840637742669,146.0,2883.0,1587.5,192374916582.07672,0.4122496654684613,45.06449107791678,0.0,healthy
QualComm,QCOM,2008.0,2008-09-28,192374915072.0,0.3864840637742669,373.0,3730.0,2238.0,192374917200.85144,0.4122496643056927,44.23144709572705,0.0,healthy
QualComm,QCOM,2009.0,2009-09-27,192374915072.0,0.3864840637742669,,,,,,,,unknown
QualComm,QCOM,2010.0,2010-09-26,192374915072.0,0.3864840637742669,,10.0,,,,,,unknown
QualComm,QCOM,2011.0,2011-09-25,192374915072.0,0.3864840637742669,2.0,120.0,62.0,192374915130.97623,0.5153120859301288,42.25168577337636,0.0,healthy
QualComm,QCOM,2012.0,2012-09-30,192374915072.0,0.3864840637742669,2.0,120.0,62.0,192374915130.97623,0.5153120859301288,42.25168577337636,0.0,healthy
QualComm,QCOM,2013.0,2013-09-29,192374915072.0,0.3864840637742669,2.0,120.0,62.0,192374915130.97623,0.5153120859301288,42.25168577337636,0.0,healthy
QualComm,QCOM,2014.0,2014-09-28,192374915072.0,0.3864840637742669,2.0,120.0,62.0,192374915130.97623,0.5153120859301288,42.25168577337636,0.0,healthy
QualComm,QCOM,2015.0,2015-09-27,192374915072.0,0.3864840637742669,2.0,120.0,62.0,192374915130.97623,0.5153120859301288,42.25168577337636,0.0,healthy
QualComm,QCOM,2016.0,2016-09-25,192374915072.0,0.3864840637742669,2.0,120.0,62.0,192374915130.97623,0.5153120859301288,42.25168577337636,0.0,healthy
QualComm,QCOM,2017.0,2017-09-24,192374915072.0,0.3864840637742669,2.0,120.0,62.0,192374915130.97623,0.5153120859301288,42.25168577337636,0.0,healthy
QualComm,QCOM,2018.0,2018-09-30,192374915072.0,0.3864840637742669,10.0,120.0,70.0,192374915138.58606,0.5153120859026011,42.016176343057325,0.0,healthy
QualComm,QCOM,2019.0,2019-09-29,192374915072.0,0.3864840637742669,4386000000.0,7667000000.0,8219500000.0,200193511755.12057,0.7398135756466737,4.013325940419603,2.9934576863944743e-05,healthy
QualComm,QCOM,2020.0,2020-09-27,192374915072.0,0.3864840637742669,5198000000.0,6255000000.0,8325500000.0,200294339488.98016,0.7394045417573559,3.9993064456578167,3.176418922839488e-05,healthy
QualComm,QCOM,2021.0,2021-09-26,192374915072.0,0.3864840637742669,9043000000.0,9789000000.0,13937500000.0,205632113103.7809,0.7183709325162261,3.4570959841902447,0.0002730151623914514,healthy
QualComm,QCOM,2022.0,2022-09-25,192374915072.0,0.3864840637742669,12936000000.0,15860000000.0,20866000000.0,212219768467.75684,0.693991422245076,3.067313551854569,0.001079960796465632,healthy
QualComm,QCOM,2023.0,2023-09-24,192374915072.0,0.3864840637742669,7232000000.0,7788000000.0,11126000000.0,202958114340.2338,0.7287586296470513,3.6886977845587885,0.00011270238388739254,healthy
QualComm,QCOM,2024.0,2024-09-29,192374915072.0,0.3864840637742669,10142000000.0,10071000000.0,15177500000.0,206811353224.86517,0.7138859283168026,3.3719342514512425,0.0003732113253913354,healthy
QualComm,QCOM,2025.0,2025-09-28,192374915072.0,0.3864840637742669,5541000000.0,12355000000.0,11718500000.0,203521661971.29,0.7265452711499252,3.6345562292993985,0.00013922976168279303,healthy
Salesforce,CRM,2004.0,2004-10-31,249642975232.0,0.321190045676342,4279000.0,,,,,,,unknown
Salesforce,CRM,2005.0,2005-01-31,249642975232.0,0.321190045676342,,,,,,,,unknown
Salesforce,CRM,2006.0,2006-01-31,249642975232.0,0.321190045676342,,,,,,,,unknown
Salesforce,CRM,2007.0,2007-01-31,249642975232.0,0.321190045676342,,,,,,,,unknown
Salesforce,CRM,2008.0,2008-01-31,249642975232.0,0.321190045676342,,,,,,,,unknown
Salesforce,CRM,2009.0,2009-01-31,249642975232.0,0.321190045676342,,,,,,,,unknown
Salesforce,CRM,2010.0,2010-01-31,249642975232.0,0.321190045676342,,,,,,,,unknown
Salesforce,CRM,2011.0,2011-01-31,249642975232.0,0.321190045676342,151.0,115.3,208.65,249642975430.47403,0.4282533948864484,48.71167209124905,0.0,healthy
Salesforce,CRM,2012.0,2012-01-31,249642975232.0,0.321190045676342,1.0,97.5,49.75,249642975279.32367,0.4282533952366038,52.05933434347431,0.0,healthy
Salesforce,CRM,2013.0,2013-01-31,249642975232.0,0.321190045676342,1.0,97.5,49.75,249642975279.32367,0.4282533952366038,52.05933434347431,0.0,healthy
Salesforce,CRM,2014.0,2014-01-31,249642975232.0,0.321190045676342,1.0,,,,,,,unknown
Salesforce,CRM,2015.0,2015-01-31,249642975232.0,0.321190045676342,,,,,,,,unknown
Salesforce,CRM,2016.0,2016-01-31,249642975232.0,0.321190045676342,,,,,,,,unknown
Salesforce,CRM,2017.0,2017-01-31,249642975232.0,0.321190045676342,-5000.0,,,,,,,unknown
Salesforce,CRM,2018.0,2018-01-31,249642975232.0,0.321190045676342,,,,,,,,unknown
Salesforce,CRM,2019.0,2019-01-31,249642975232.0,0.321190045676342,3.0,120.0,63.0,249642975291.92746,0.4282533962709847,51.507968448691805,0.0,healthy
Salesforce,CRM,2020.0,2020-01-31,249642975232.0,0.321190045676342,126000000.0,297000000.0,274500000.0,249904087709.02545,0.3221127027721477,21.14788661810005,1.4429186216858371e-99,healthy
Salesforce,CRM,2021.0,2021-01-31,249642975232.0,0.321190045676342,4072000000.0,455000000.0,4299500000.0,253732786142.6408,0.31725217619552337,12.852420842532629,4.1680038459942736e-38,healthy
Salesforce,CRM,2022.0,2022-01-31,249642975232.0,0.321190045676342,1444000000.0,548000000.0,1718000000.0,251277187383.29224,0.3203525221690998,15.558119959445468,7.007780923399679e-55,healthy
Salesforce,CRM,2023.0,2023-01-31,249642975232.0,0.321190045676342,208000000.0,1030000000.0,723000000.0,250330714105.914,0.32156374163423845,18.178129496911843,3.845637859176976e-74,healthy
Salesforce,CRM,2024.0,2024-01-31,249642975232.0,0.321190045676342,4136000000.0,5011000000.0,6641500000.0,255960565454.8215,0.31449092552677416,11.613159497669509,1.7665731026840158e-31,healthy
Salesforce,CRM,2025.0,2025-01-31,249642975232.0,0.321190045676342,6197000000.0,7205000000.0,9799500000.0,258964547797.35266,0.6169711819686157,5.079707414506005,1.8900830292153286e-07,healthy
Texas Instruments,TXN,1993.0,1993-12-31,163117383680.0,0.4019771464274562,,,,,,,,unknown
Texas Instruments,TXN,1994.0,1994-09-30,163117383680.0,0.4019771464274562,186.0,,,,,,,unknown
Texas Instruments,TXN,1995.0,1995-12-31,163117383680.0,0.4019771464274562,,,,,,,,unknown
Texas Instruments,TXN,1996.0,1996-12-31,163117383680.0,0.4019771464274562,,,,,,,,unknown
Texas Instruments,TXN,1997.0,1997-12-31,163117383680.0,0.4019771464274562,,,,,,,,unknown
Texas Instruments,TXN,1998.0,1998-09-30,163117383680.0,0.4019771464274562,164.0,52.0,190.0,163117383860.73358,0.5359695288791,38.20567976630664,0.0,healthy
Texas Instruments,TXN,1999.0,1999-09-30,163117383680.0,0.4019771464274562,383.0,,6599.0,163117389957.16296,0.4287756072485688,39.60378811945376,0.0,healthy
Texas Instruments,TXN,2000.0,2000-09-30,163117383680.0,0.4019771464274562,679.0,,9169.5,163117392402.29822,0.4287756007645673,38.836570111699494,0.0,healthy
Texas Instruments,TXN,2001.0,2001-09-30,163117383680.0,0.4019771464274562,-117.0,,7622.0,163117390930.27066,0.42877560445941826,39.26766693875005,0.0,healthy
Texas Instruments,TXN,2002.0,2002-12-31,163117383680.0,0.4019771464274562,,,,,,,,unknown
Texas Instruments,TXN,2003.0,2003-12-31,163117383680.0,0.4019771464274562,,,,,,,,unknown
Texas Instruments,TXN,2004.0,2004-12-31,163117383680.0,0.4019771464274562,,,,,,,,unknown
Texas Instruments,TXN,2005.0,2005-12-31,163117383680.0,0.4019771464274562,,,,,,,,unknown
Texas Instruments,TXN,2006.0,2006-12-31,163117383680.0,0.4019771464274562,,,,,,,,unknown
Texas Instruments,TXN,2007.0,2007-12-31,163117383680.0,0.4019771464274562,,,,,,,,unknown
Texas Instruments,TXN,2008.0,2008-12-31,163117383680.0,0.4019771464274562,,,,,,,,unknown
Texas Instruments,TXN,2009.0,2009-12-31,163117383680.0,0.4019771464274562,,,,,,,,unknown
Texas Instruments,TXN,2010.0,2010-12-31,163117383680.0,0.4019771464274562,,,,,,,,unknown
Texas Instruments,TXN,2011.0,2011-12-31,163117383680.0,0.4019771464274562,,,,,,,,unknown
Texas Instruments,TXN,2012.0,2012-12-31,163117383680.0,0.4019771464274562,,,,,,,,unknown
Texas Instruments,TXN,2013.0,2013-12-31,163117383680.0,0.4019771464274562,,,,,,,,unknown
Texas Instruments,TXN,2014.0,2014-12-31,163117383680.0,0.4019771464274562,260.0,,,,,,,unknown
Texas Instruments,TXN,2015.0,2015-12-31,163117383680.0,0.4019771464274562,0.0,,,,,,,unknown
Texas Instruments,TXN,2016.0,2016-12-31,163117383680.0,0.4019771464274562,0.0,,,,,,,unknown
Texas Instruments,TXN,2017.0,2017-12-31,163117383680.0,0.4019771464274562,0.0,,,,,,,unknown
Texas Instruments,TXN,2018.0,2018-12-31,163117383680.0,0.4019771464274562,0.0,,,,,,,unknown
Texas Instruments,TXN,2019.0,2019-12-31,163117383680.0,0.4019771464274562,5017000000.0,5723000000.0,7878500000.0,170611519248.46112,0.765188846139562,3.701693579947347,0.00010708258373741148,healthy
Texas Instruments,TXN,2020.0,2020-12-31,163117383680.0,0.4019771464274562,5595000000.0,5894000000.0,8542000000.0,171242594966.11395,0.7620935772737369,3.6185749817215322,0.00014811483773433681,healthy
Texas Instruments,TXN,2021.0,2021-12-31,163117383680.0,0.4019771464274562,7769000000.0,8960000000.0,12249000000.0,174767915971.68875,0.7452441095741392,3.2611062276730287,0.0005548922784628913,healthy
Texas Instruments,TXN,2022.0,2022-12-31,163117383680.0,0.4019771464274562,8749000000.0,10140000000.0,13819000000.0,176260587403.5701,0.7383331453880234,3.14675177616663,0.0008254752666139133,healthy
Texas Instruments,TXN,2023.0,2023-12-31,163117383680.0,0.4019771464274562,6510000000.0,7331000000.0,10175500000.0,172796165344.69507,0.7545781878770378,3.4422352985829385,0.0002884640916896726,healthy
Texas Instruments,TXN,2024.0,2024-12-31,163117383680.0,0.4019771464274562,4799000000.0,5465000000.0,7531500000.0,170281469129.38766,0.7668175983113653,3.748419357196426,8.897626781940004e-05,healthy
Texas Instruments,TXN,2025.0,2025-09-30,163117383680.0,0.4019771464274562,1364000000.0,1663000000.0,2195500000.0,165205807840.35855,0.792763254433625,5.1169695295425015,1.552418780809791e-07,healthy
Block,SQ,2015.0,2015-12-31,,,,,,,,,,unknown
Block,SQ,2016.0,2016-12-31,,,,,,,,,,unknown
Block,SQ,2017.0,2017-12-31,,,,,,,,,,unknown
Block,SQ,2018.0,2018-12-31,,,,,,,,,,unknown
Block,SQ,2019.0,2019-12-31,,,375446000.0,26557000.0,388724500.0,,,,,unknown
Block,SQ,2020.0,2020-12-31,,,213105000.0,18815000.0,222512500.0,,,,,unknown
Block,SQ,2021.0,2021-12-31,,,166284000.0,161112000.0,246840000.0,,,,,unknown
Block,SQ,2022.0,2022-09-30,,,14711000.0,48789000.0,39105500.0,,,,,unknown
Block,SQ,2023.0,2023-12-31,,,9772000.0,278839000.0,149191500.0,,,,,unknown
Block,SQ,2024.0,2024-12-31,,,2897047000.0,892327000.0,3343210500.0,,,,,unknown
Block,SQ,2025.0,2025-09-30,,,461544000.0,409440000.0,666264000.0,,,,,unknown
Cloudflare,NET,2019.0,2019-12-31,70910918656.0,0.5224389052826256,,,,,,,,unknown
Cloudflare,NET,2020.0,2020-12-31,70910918656.0,0.5224389052826256,119370000.0,106768000.0,172754000.0,71075247344.0002,0.5232750497051122,11.337665370915348,4.2696083521641314e-30,healthy
Cloudflare,NET,2021.0,2021-12-31,70910918656.0,0.5224389052826256,260309000.0,127684000.0,324151000.0,71219260561.25682,1.0398922435451026,4.713585671057748,1.2169766154195406e-06,healthy
Cloudflare,NET,2022.0,2022-12-31,70910918656.0,0.5224389052826256,193381000.0,201203000.0,293982500.0,71190563423.84221,1.0403541221856045,4.804543812833376,7.755236781770765e-07,healthy
Cloudflare,NET,2023.0,2023-12-31,70910918656.0,0.5224389052826256,183949000.0,185485000.0,276691500.0,71174115726.70604,1.0406190714965655,4.861084553977368,5.837218593237376e-07,healthy
Cloudflare,NET,2024.0,2024-12-31,70910918656.0,0.5224389052826256,78800000.0,154761000.0,156180500.0,71059482143.13324,0.5233911430446341,11.527308262955014,4.805079304938041e-31,healthy
Cloudflare,NET,2025.0,2025-09-30,70910918656.0,0.5224389052826256,1290000.0,37460000.0,20020000.0,70929962269.0785,0.5243468685263216,15.41965274212462,6.037595319670274e-54,healthy
Datadog,DDOG,2019.0,2019-12-31,51197931520.0,0.49402240908373746,0.0,,,,,,,unknown
Datadog,DDOG,2020.0,2020-12-31,51197931520.0,0.49402240908373746,470.0,,,,,,,unknown
Datadog,DDOG,2021.0,2021-12-31,51197931520.0,0.49402240908373746,20745000.0,19156000.0,30323000.0,51226775649.839134,0.4956804930897882,14.84678469851174,3.649311572844718e-50,healthy
Datadog,DDOG,2022.0,2022-12-31,51197931520.0,0.49402240908373746,50160000.0,58695000.0,79507500.0,51273561393.46849,0.49522819789104805,12.916174224882557,1.8241778996202275e-38,healthy
Datadog,DDOG,2023.0,2023-12-31,51197931520.0,0.49402240908373746,48568000.0,33464000.0,65300000.0,51260046801.4199,0.4953587637041365,13.309514653513027,1.0190066175549058e-40,healthy
Datadog,DDOG,2024.0,2024-12-31,51197931520.0,0.49402240908373746,183746000.0,54284000.0,210888000.0,51398534390.87411,0.5248446052745335,10.30458685520262,3.35898564383679e-25,healthy
Datadog,DDOG,2025.0,2025-09-30,51197931520.0,0.49402240908373746,33885000.0,5809000.0,36789500.0,51232926774.91267,0.4956209808326978,14.45884138452716,1.1023896078985465e-47,healthy
DocuSign,DOCU,2018.0,2018-12-19,14241394688.0,0.4755177090759821,,,,,,,,unknown
DocuSign,DOCU,2019.0,2019-01-31,14241394688.0,0.4755177090759821,426458000.0,426323000.0,639619500.0,14849683826.329657,0.9082408488201823,3.063515221132794,0.0010937653816870685,healthy
DocuSign,DOCU,2020.0,2020-01-31,14241394688.0,0.4755177090759821,208359000.0,193509000.0,305113500.0,14531622817.482628,0.9298983957917666,3.7434660621757363,9.074956334115081e-05,healthy
DocuSign,DOCU,2021.0,2021-01-31,14241394688.0,0.4755177090759821,243267000.0,173855000.0,330194500.0,14555478363.712088,0.9280095356694287,3.6696174627104594,0.00012145685034509605,healthy
DocuSign,DOCU,2022.0,2022-01-31,14241394688.0,0.4755177090759821,69976000.0,61884000.0,100918000.0,14337390849.016235,0.944018803199065,4.831187765207335,6.786046626040617e-07,healthy
DocuSign,DOCU,2023.0,2023-01-31,14241394688.0,0.4755177090759821,97454000.0,88031000.0,141469500.0,14375964567.373373,0.938819624312339,4.506230552230789,3.2994693571496564e-06,healthy
DocuSign,DOCU,2024.0,2024-01-31,14241394688.0,0.4755177090759821,73980000.0,31634000.0,89797000.0,14326812236.631891,0.47452721264181097,10.557346984190334,2.3487541504843227e-26,healthy
DocuSign,DOCU,2025.0,2025-01-31,14241394688.0,0.4755177090759821,1067885000.0,199928000.0,1167849000.0,15351067884.465687,0.87213689130299,2.574951351348491,0.005012709326945067,healthy
Etsy,ETSY,2015.0,2015-12-31,5337987584.0,0.5344360409618119,10.0,120.0,70.0,5337987650.58606,0.5700651034939879,31.640477746705855,5.126546646281545e-220,healthy
Etsy,ETSY,2016.0,2016-12-31,5337987584.0,0.5344360409618119,120.0,10.0,125.0,5337987702.903678,0.5700650977051085,30.623368821210946,2.990392743115169e-206,healthy
Etsy,ETSY,2017.0,2017-12-31,5337987584.0,0.5344360409618119,10.0,0.0,10.0,5337987593.512294,0.5700651106028656,35.053964861054304,1.696427126385533e-269,healthy
Etsy,ETSY,2018.0,2018-12-31,5337987584.0,0.5344360409618119,10.0,0.0,10.0,5337987593.512294,0.5700651106028656,35.053964861054304,1.696427126385533e-269,healthy
Etsy,ETSY,2019.0,2019-12-31,5337987584.0,0.5344360409618119,,,,,,,,unknown
Etsy,ETSY,2020.0,2020-12-31,5337987584.0,0.5344360409618119,,,,,,,,unknown
Etsy,ETSY,2021.0,2021-12-31,5337987584.0,0.5344360409618119,,,,,,,,unknown
Etsy,ETSY,2022.0,2022-12-31,5337987584.0,0.5344360409618119,,,,,,,,unknown
Etsy,ETSY,2023.0,2023-12-31,5337987584.0,0.5344360409618119,,,,,,,,unknown
Etsy,ETSY,2024.0,2024-12-31,5337987584.0,0.5344360409618119,,,,,,,,unknown
Etsy,ETSY,2025.0,2025-09-30,5337987584.0,0.5344360409618119,,,,,,,,unknown
MongoDB,MDB,2017.0,2017-10-31,34103146496.0,0.6993027278685786,3.0,0.0,3.0,34103146498.853687,0.9324036381638534,24.420062295780813,5.235684197845152e-132,healthy
MongoDB,MDB,2018.0,2018-01-31,34103146496.0,0.6993027278685786,10.0,0.0,10.0,34103146505.512295,0.9324036379180074,23.128805216833467,1.188090664751159e-118,healthy
MongoDB,MDB,2019.0,2019-01-31,34103146496.0,0.6993027278685786,470.0,0.0,470.0,34103146943.07783,0.7459229006595405,23.95920852587879,3.704115277467054e-127,healthy
MongoDB,MDB,2020.0,2020-01-31,34103146496.0,0.6993027278685786,175522000.0,147866000.0,249455000.0,34340302290.797504,1.387909069444528,2.890427546646802,0.0019235910106435762,healthy
MongoDB,MDB,2021.0,2021-01-31,34103146496.0,0.6993027278685786,266944000.0,209304000.0,371596000.0,34456144175.96859,1.3827467812855758,2.6206107198524324,0.004388621167018138,healthy
MongoDB,MDB,2022.0,2022-01-31,34103146496.0,0.6993027278685786,306866000.0,289364000.0,451548000.0,34531813819.30775,1.3792367424955245,2.4910934696822666,0.006367530607672789,healthy
MongoDB,MDB,2023.0,2023-01-31,34103146496.0,0.6993027278685786,345398000.0,346655000.0,518725500.0,34595279145.31372,1.3765513662509374,2.399220921459159,0.008214999342176099,healthy
MongoDB,MDB,2024.0,2024-01-31,34103146496.0,0.6993027278685786,176600000.0,233732000.0,293466000.0,34382074031.16206,1.3860605260537966,2.7797825932860585,0.0027197650992962087,healthy
MongoDB,MDB,2025.0,2025-01-31,34103146496.0,0.6993027278685786,129072000.0,216064000.0,237104000.0,34328574282.049835,1.3884076757254222,2.925219030653456,0.0017210692753005037,healthy
Paypal,PYPL,2015.0,2015-12-31,58908635136.0,0.3840003378269891,120.0,120.0,180.0,58908635307.2213,0.40960035950883644,47.78416325564948,0.0,healthy
Paypal,PYPL,2016.0,2016-12-31,58908635136.0,0.3840003378269891,8217.0,,,,,,,unknown
Paypal,PYPL,2017.0,2017-12-31,58908635136.0,0.3840003378269891,,,,,,,,unknown
Paypal,PYPL,2018.0,2018-12-31,58908635136.0,0.3840003378269891,,,,,,,,unknown
Paypal,PYPL,2019.0,2019-12-31,58908635136.0,0.3840003378269891,2459000000.0,2719000000.0,3818500000.0,62540816654.33002,0.7191064575022897,3.598082952955878,0.00016028569135728465,healthy
Paypal,PYPL,2020.0,2020-12-31,58908635136.0,0.3840003378269891,4202000000.0,3289000000.0,5846500000.0,64469331566.91311,0.6955701029117036,3.1750035636487506,0.0007491733055905121,healthy
Paypal,PYPL,2021.0,2021-12-31,58908635136.0,0.3840003378269891,4169000000.0,4262000000.0,6300000000.0,64900460163.032555,0.6905153690266549,3.104781499965628,0.000952098174081122,healthy
Paypal,PYPL,2022.0,2022-12-31,58908635136.0,0.3840003378269891,2419000000.0,3837000000.0,4337500000.0,63034426179.16206,0.7128985888102549,3.4679135560094143,0.0002622579923178915,healthy
Paypal,PYPL,2023.0,2023-12-31,58908635136.0,0.3840003378269891,4246000000.0,5028000000.0,6760000000.0,65337708625.77827,0.685466455814529,3.0397028159864474,0.0011840584766469287,healthy
Paypal,PYPL,2024.0,2024-12-31,58908635136.0,0.3840003378269891,4147000000.0,5325000000.0,6809500000.0,65384756698.947495,0.6849228744578654,3.0330579730428027,0.0012104454373194397,healthy
Paypal,PYPL,2025.0,2025-09-30,58908635136.0,0.3840003378269891,1248000000.0,1520000000.0,2008000000.0,60818701555.63134,0.7414812792767014,4.296616754195676,8.671232215789968e-06,healthy
Peloton,PTON,2019.0,2019-12-31,2732454144.0,0.7446706309832344,55400000.0,61500000.0,86150000.0,,,,,unknown
Peloton,PTON,2020.0,2020-06-30,2732454144.0,0.7446706309832344,71600000.0,80800000.0,112000000.0,,,,,unknown
Peloton,PTON,2021.0,2021-06-30,2732454144.0,0.7446706309832344,189000000.0,187800000.0,282900000.0,,,,,unknown
Peloton,PTON,2022.0,2022-12-31,2732454144.0,0.7446706309832344,335400000.0,331300000.0,501050000.0,,,,,unknown
Peloton,PTON,2023.0,2023-06-30,2732454144.0,0.7446706309832344,1261700000.0,1197100000.0,1860250000.0,,,,,unknown
Peloton,PTON,2024.0,2024-06-30,2732454144.0,0.7446706309832344,551900000.0,529000000.0,816400000.0,,,,,unknown
Peloton,PTON,2025.0,2025-06-30,2732454144.0,0.7446706309832344,118900000.0,36200000.0,137000000.0,,,,,unknown
Pinterest,PINS,2019.0,2019-12-31,17671372800.0,0.525849421808748,1361371000.0,1388866000.0,2055804000.0,19614959761.56367,0.9366714940411206,1.993173470038361,0.023121227557095506,moderate
Pinterest,PINS,2020.0,2020-12-31,17671372800.0,0.525849421808748,128323000.0,142504000.0,199575000.0,17861212238.722076,1.0392779538751058,3.852816538124654,5.8383440027578936e-05,healthy
Pinterest,PINS,2021.0,2021-12-31,17671372800.0,0.525849421808748,316438000.0,326187000.0,479531500.0,18127415473.05507,1.0225322388962383,3.0899613163742665,0.0010009128291916798,healthy
Pinterest,PINS,2022.0,2022-12-31,17671372800.0,0.525849421808748,96047000.0,101677000.0,146885500.0,17811094131.140587,1.0426097369908518,4.12849194830026,1.8257511191565794e-05,healthy
Pinterest,PINS,2023.0,2023-12-31,17671372800.0,0.525849421808748,35610000.0,125678000.0,98449000.0,17765020327.627098,1.0455893371628175,4.493943565710563,3.4958082169586213e-06,healthy
Pinterest,PINS,2024.0,2024-12-31,17671372800.0,0.525849421808748,1862106000.0,179817000.0,1952014500.0,19517746812.109695,0.9418754810489143,2.026698386230986,0.021346633811582225,healthy
Pinterest,PINS,2025.0,2025-09-30,17671372800.0,0.525849421808748,92108000.0,58516000.0,121366000.0,17786819533.120396,1.0439672368416795,4.303265714176213,8.414940225795454e-06,healthy
Roku,ROKU,2017.0,2017-12-31,15878883328.0,0.5636200620326828,0.0,,,,,,,unknown
Roku,ROKU,2018.0,2018-12-31,15878883328.0,0.5636200620326828,31000.0,,,,,,,unknown
Roku,ROKU,2019.0,2019-12-31,15878883328.0,0.5636200620326828,59937000.0,65059000.0,92466500.0,15966839796.223398,1.1197224540476025,4.085417522453334,2.1998813804485827e-05,healthy
Roku,ROKU,2020.0,2020-12-31,15878883328.0,0.5636200620326828,17507000.0,20253000.0,27633500.0,15905169126.30194,0.6001740479583175,10.372434813026338,1.6549105265956353e-25,healthy
Roku,ROKU,2021.0,2021-12-31,15878883328.0,0.5636200620326828,242385000.0,235100000.0,359935000.0,16221134466.534195,1.1005654919737415,2.9553212696011606,0.001561718064063743,healthy
Roku,ROKU,2022.0,2022-12-31,15878883328.0,0.5636200620326828,498005000.0,530888000.0,763449000.0,16603414267.00641,1.07301400625485,2.3800600583490428,0.008654908296545794,healthy
Roku,ROKU,2023.0,2023-12-31,15878883328.0,0.5636200620326828,709561000.0,792377000.0,1105749500.0,16925712616.549545,1.050196286128985,2.120417341420358,0.016985432767765166,healthy
Roku,ROKU,2024.0,2024-12-31,15878883328.0,0.5636200620326828,129386000.0,218167000.0,238469500.0,16105696271.317427,1.109504792929773,3.287220077815942,0.0005059086287714543,healthy
Roku,ROKU,2025.0,2025-09-30,15878883328.0,0.5636200620326828,24812000.0,9466000.0,29545000.0,15906987401.346874,0.5648306414176699,10.939708199664828,3.7219552829401703e-28,healthy
Snapchat,SNAP,2017.0,2017-12-31,12568511488.0,0.5846337053165587,160.0,,,,,,,unknown
Snapchat,SNAP,2018.0,2018-12-31,12568511488.0,0.5846337053165587,18.0,,,,,,,unknown
Snapchat,SNAP,2019.0,2019-12-31,12568511488.0,0.5846337053165587,1033660000.0,1103328000.0,1585324000.0,,,,,unknown
Snapchat,SNAP,2020.0,2020-12-31,12568511488.0,0.5846337053165587,944839000.0,862072000.0,1375875000.0,13860566935.256533,1.047107367613232,1.730234302006823,0.041794211042329076,moderate
Snapchat,SNAP,2021.0,2021-12-31,12568511488.0,0.5846337053165587,487955000.0,702069000.0,838989500.0,13361701835.685795,1.0914899019395619,2.0360009959153667,0.020875127632557344,healthy
Snapchat,SNAP,2022.0,2022-12-31,12568511488.0,0.5846337053165587,1429653000.0,1395306000.0,2127306000.0,,,,,unknown
Snapchat,SNAP,2023.0,2023-12-31,12568511488.0,0.5846337053165587,1322485000.0,1398379000.0,2021674500.0,14453429944.053877,0.9975063868081187,1.5232946360889452,0.06384250426182014,moderate
Snapchat,SNAP,2024.0,2024-12-31,12568511488.0,0.5846337053165587,697856000.0,787294000.0,1091503000.0,13597187323.036945,1.0698520821617101,1.8694318643199856,0.030781377431239286,moderate
Snapchat,SNAP,2025.0,2025-09-30,12568511488.0,0.5846337053165587,,,,,,,,unknown
Twilio,TWLO,2016.0,2016-12-31,20394393600.0,0.5827286878902855,41.3,,,,,,,unknown
Twilio,TWLO,2017.0,2017-12-31,20394393600.0,0.5827286878902855,63.7,,,,,,,unknown
Twilio,TWLO,2018.0,2018-12-31,20394393600.0,0.5827286878902855,,,,,,,,unknown
Twilio,TWLO,2019.0,2019-12-31,20394393600.0,0.5827286878902855,307063000.0,369785000.0,491955500.0,20862020745.39783,1.1366392939256205,2.772491594292281,0.002781447804824662,healthy
Twilio,TWLO,2020.0,2020-12-31,20394393600.0,0.5827286878902855,490979000.0,492901000.0,737429500.0,21094569886.633717,1.122798371744022,2.469955802012574,0.006756487330684787,healthy
Twilio,TWLO,2021.0,2021-12-31,20394393600.0,0.5827286878902855,,,,,,,,unknown
Twilio,TWLO,2022.0,2022-12-31,20394393600.0,0.5827286878902855,1256145000.0,1205308000.0,1858799000.0,22145341887.83219,1.062802379656195,1.846930515101102,0.03237860573390281,moderate
Twilio,TWLO,2023.0,2023-12-31,20394393600.0,0.5827286878902855,1015441000.0,876541000.0,1453711500.0,21767982688.695793,1.0839203544009124,2.000957532351316,0.022698483329968117,healthy
Twilio,TWLO,2024.0,2024-12-31,20394393600.0,0.5827286878902855,109403000.0,53708000.0,136257000.0,20524003229.081627,1.1572104431418488,3.798133331939137,7.289494900824586e-05,healthy
Twilio,TWLO,2025.0,2025-09-30,20394393600.0,0.5827286878902855,37248000.0,40948000.0,57722000.0,20449300444.807156,1.1413663388059443,4.616140173977982,1.9547147002993424e-06,healthy
Uber,UBER,2019.0,2019-12-31,177489985536.0,0.3793951793271618,8506000000.0,8596000000.0,12804000000.0,189669159628.92133,0.7054110410430404,3.539385058494773,0.00020053019072383696,healthy
Uber,UBER,2020.0,2020-12-31,177489985536.0,0.3793951793271618,6768000000.0,4863000000.0,9199500000.0,186240757586.70358,0.7196654520687205,3.889212561315093,5.028500245933976e-05,healthy
Uber,UBER,2021.0,2021-12-31,177489985536.0,0.3793951793271618,496000000.0,3834000000.0,2413000000.0,179711947956.6142,1.8227649377840567,1.4808538545628709,0.06932276096340678,moderate
Uber,UBER,2022.0,2022-12-31,177489985536.0,0.3793951793271618,9141000000.0,1832000000.0,10057000000.0,187056396473.87375,0.7162226295556474,3.7930298592882012,7.441012665431708e-05,healthy
Uber,UBER,2023.0,2023-12-31,177489985536.0,0.3793951793271618,1887000000.0,1110000000.0,2442000000.0,179812884165.39868,0.9182997632515382,4.276884664108281,9.476346574612063e-06,healthy
Uber,UBER,2024.0,2024-12-31,177489985536.0,0.3793951793271618,9856000000.0,2799000000.0,11255500000.0,188196359126.28693,0.7114653061712785,3.6734574680037237,0.00011964526113096681,healthy
Uber,UBER,2025.0,2025-09-30,177489985536.0,0.3793951793271618,6626000000.0,1113000000.0,7182500000.0,184322176089.89865,0.7278949483050903,4.16285639951403,1.571455187825008e-05,healthy
Zillow,Z,2015.0,2015-12-31,18083602432.0,0.39092237593400747,,,228323.5,18083819620.031506,0.4169788601585434,26.962587457378167,2.0305243071959473e-160,healthy
Zillow,Z,2016.0,2016-12-31,18083602432.0,0.39092237593400747,,,308045.0,18083895453.46807,0.4169771118131839,26.24448969524095,4.130808890994022e-152,healthy
Zillow,Z,2017.0,2017-12-31,18083602432.0,0.39092237593400747,,,284847.0,18083873386.84788,0.41697762056096194,26.432218950065938,2.921381362815809e-154,healthy
Zillow,Z,2018.0,2018-12-31,18083602432.0,0.39092237593400747,119858000.0,128975000.0,184345500.0,18258957295.8743,0.3886863481414478,11.75770854386606,3.223001403967574e-32,healthy
Zillow,Z,2019.0,2019-12-31,18083602432.0,0.39092237593400747,305361000.0,247485000.0,429103500.0,18491778205.035107,0.762062368525244,4.622999325393935,1.8911547667617715e-06,healthy
Zillow,Z,2020.0,2020-12-31,18083602432.0,0.39092237593400747,162115000.0,41388000.0,182809000.0,18257495731.863552,0.38871746373270843,11.778062221611027,2.5321982992169045e-32,healthy
Zillow,Z,2021.0,2021-12-31,18083602432.0,0.39092237593400747,527777000.0,327673000.0,691613500.0,18741483416.94766,0.751666956353327,4.080219044239702,2.249664100637588e-05,healthy
Zillow,Z,2022.0,2022-12-31,18083602432.0,0.39092237593400747,101000000.0,93000000.0,147500000.0,18223908772.113853,0.3903516958671477,12.272200509080834,6.38669830603508e-35,healthy
Zillow,Z,2023.0,2023-12-31,18083602432.0,0.39092237593400747,158000000.0,270000000.0,293000000.0,18362312647.86508,0.7623311576779752,5.112356450607843,1.590823724423377e-07,healthy
Zillow,Z,2024.0,2024-12-31,18083602432.0,0.39092237593400747,112000000.0,197000000.0,210500000.0,18283836225.8574,0.3881574589503013,11.435961927888377,1.3822785780160607e-30,healthy
Zillow,Z,2025.0,2025-09-30,18083602432.0,0.39092237593400747,10000000.0,3000000.0,11500000.0,18094541570.38176,0.39221814418675427,18.699035570111743,2.520409379610671e-78,healthy
Zoom,ZM,2019.0,2019-10-31,26792384512.0,0.3225836502865905,2211000.0,1679000.0,3050500.0,26795286237.35944,0.34405196509607183,26.36662712528698,1.6545603531803771e-153,healthy
Zoom,ZM,2020.0,2020-01-31,26792384512.0,0.3225836502865905,,,,,,,,unknown
Zoom,ZM,2021.0,2021-01-31,26792384512.0,0.3225836502865905,,,,,,,,unknown
Zoom,ZM,2022.0,2022-01-31,26792384512.0,0.3225836502865905,,,,,,,,unknown
Zoom,ZM,2023.0,2023-01-31,26792384512.0,0.3225836502865905,103711000.0,245429000.0,226425500.0,27007767110.057285,0.32126604057591057,14.878192101731534,2.2833687795034014e-50,healthy
Zoom,ZM,2024.0,2024-01-31,26792384512.0,0.3225836502865905,637462000.0,525279000.0,900101500.0,27648587538.945084,0.6187065402346877,5.306915770778832,5.5747833271671584e-08,healthy
Zoom,ZM,2025.0,2025-10-31,26792384512.0,0.3225836502865905,612873000.0,310414000.0,768080000.0,27523004808.37051,0.3152518330685801,11.353436660725201,3.565195344281597e-30,healthy
